unix,date,symbol,open,high,low,close,Volume BTC,Volume EUR
1632268800,2021-09-22 00:00:00,BTC/EUR,34777.85,35366.69,34631.42,35070.00,68.74402031,2410852.7922716998
1632265200,2021-09-21 23:00:00,BTC/EUR,34548.77,35000.11,34322.07,34744.70,105.99254256,3682679.093484432
1632261600,2021-09-21 22:00:00,BTC/EUR,35275.69,35512.00,34526.92,34526.92,147.36984271,5088226.769660753
1632258000,2021-09-21 21:00:00,BTC/EUR,34893.43,35846.47,33752.96,35300.09,458.99174854,16202450.032719366
1632254400,2021-09-21 20:00:00,BTC/EUR,35800.00,36089.96,34743.00,34913.27,234.70145694,8194195.335539593
1632250800,2021-09-21 19:00:00,BTC/EUR,35982.84,36181.82,35579.40,35819.73,85.03903198,3046075.1649849657
1632247200,2021-09-21 18:00:00,BTC/EUR,35549.59,36486.41,35493.63,35996.97,149.88630182,5395452.710025486
1632243600,2021-09-21 17:00:00,BTC/EUR,36191.43,36336.78,35373.37,35550.01,373.49894632,13277891.276665464
1632240000,2021-09-21 16:00:00,BTC/EUR,36769.22,36925.43,36138.46,36204.53,58.35997897,2112895.609418734
1632236400,2021-09-21 15:00:00,BTC/EUR,36185.81,36963.33,36092.33,36786.62,77.79207803,2861707.6134999585
1632232800,2021-09-21 14:00:00,BTC/EUR,36806.45,36824.04,36000.00,36203.84,81.88238413,2964456.733861059
1632229200,2021-09-21 13:00:00,BTC/EUR,36758.84,36952.82,36530.63,36792.35,64.75057419,2382325.788299446
1632225600,2021-09-21 12:00:00,BTC/EUR,36889.87,37110.91,36668.17,36789.43,75.59640328,2781148.5867213304
1632222000,2021-09-21 11:00:00,BTC/EUR,37053.86,37145.69,36835.73,36900.37,36.88328851,1361006.9928357487
1632218400,2021-09-21 10:00:00,BTC/EUR,36794.76,37219.98,36712.62,37042.34,55.29374778,2048209.805141005
1632214800,2021-09-21 09:00:00,BTC/EUR,36914.99,37044.56,36728.08,36771.03,34.49714898,1268495.7000580493
1632211200,2021-09-21 08:00:00,BTC/EUR,36956.14,37077.00,36717.32,36914.99,92.60693985,3418584.2584933513
1632207600,2021-09-21 07:00:00,BTC/EUR,36571.32,36986.42,36500.00,36964.24,104.86980837,3876432.7653426887
1632204000,2021-09-21 06:00:00,BTC/EUR,36282.23,36700.00,36282.23,36565.51,54.50497712,1993002.2859311313
1632200400,2021-09-21 05:00:00,BTC/EUR,36189.11,36422.04,35942.24,36274.83,55.64672105,2018575.3461461714
1632196800,2021-09-21 04:00:00,BTC/EUR,36393.11,36543.12,36059.93,36167.66,42.20927145,1526610.5786513072
1632193200,2021-09-21 03:00:00,BTC/EUR,36559.87,36623.42,36324.23,36392.25,12.88725282,468996.126438645
1632189600,2021-09-21 02:00:00,BTC/EUR,36424.00,36733.03,36223.63,36575.95,42.33254117,1548352.9092068614
1632186000,2021-09-21 01:00:00,BTC/EUR,35546.72,36499.00,35440.19,36434.19,112.18896137,4087513.9344572406
1632182400,2021-09-21 00:00:00,BTC/EUR,36705.40,36705.40,34350.00,35537.09,525.02288203,18657785.41075949
1632178800,2021-09-20 23:00:00,BTC/EUR,36975.19,37213.57,36301.00,36694.55,75.96966740,2787672.7588926703
1632175200,2021-09-20 22:00:00,BTC/EUR,37120.88,37449.11,36706.29,36963.66,52.65926008,1946478.9854486932
1632171600,2021-09-20 21:00:00,BTC/EUR,37140.41,37417.43,37047.52,37097.11,31.16401141,1156094.759318025
1632168000,2021-09-20 20:00:00,BTC/EUR,37402.73,37488.91,36879.41,37148.23,38.66921176,1436492.772379185
1632164400,2021-09-20 19:00:00,BTC/EUR,37033.15,37471.37,36581.62,37409.51,109.36586663,4091323.4813536513
1632160800,2021-09-20 18:00:00,BTC/EUR,37603.98,37663.20,36863.98,37035.01,99.33926262,3679030.5845243265
1632157200,2021-09-20 17:00:00,BTC/EUR,37432.86,37723.56,37293.20,37597.14,24.66370448,927284.7502531871
1632153600,2021-09-20 16:00:00,BTC/EUR,37378.52,37610.94,37161.89,37434.77,62.56074347,2341947.042828452
1632150000,2021-09-20 15:00:00,BTC/EUR,37398.01,37535.94,37078.04,37467.70,56.09212978,2101643.090958106
1632146400,2021-09-20 14:00:00,BTC/EUR,37622.72,37698.10,37291.69,37392.92,84.16567544,3147200.3684738846
1632142800,2021-09-20 13:00:00,BTC/EUR,37190.85,37700.68,36789.54,37622.72,201.90701979,7596291.271593628
1632139200,2021-09-20 12:00:00,BTC/EUR,37374.27,37597.36,36310.00,37154.24,368.18750091,13679726.773810357
1632135600,2021-09-20 11:00:00,BTC/EUR,38086.04,38108.72,36927.06,37381.37,225.67928669,8436200.917094966
1632132000,2021-09-20 10:00:00,BTC/EUR,38329.81,38657.79,37836.00,38087.50,167.85155295,6393046.022983125
1632128400,2021-09-20 09:00:00,BTC/EUR,38491.33,38602.54,38216.92,38325.82,33.62403628,1288668.7621407495
1632124800,2021-09-20 08:00:00,BTC/EUR,38244.99,38562.72,38168.81,38491.33,160.83204448,6190639.298654359
1632121200,2021-09-20 07:00:00,BTC/EUR,38979.34,39112.98,38003.75,38301.79,163.27991689,6253913.087938233
1632117600,2021-09-20 06:00:00,BTC/EUR,39071.27,39126.63,38801.94,38979.14,31.65003962,1233691.3253535267
1632114000,2021-09-20 05:00:00,BTC/EUR,39001.58,39149.30,38945.68,39073.54,32.48789996,1269417.2586030585
1632110400,2021-09-20 04:00:00,BTC/EUR,38934.76,39106.18,38743.16,38996.65,41.20572364,1606885.1827858062
1632106800,2021-09-20 03:00:00,BTC/EUR,39267.83,39350.73,38631.17,38953.35,98.93933314,3854018.472569019
1632103200,2021-09-20 02:00:00,BTC/EUR,40320.48,40358.28,39162.10,39311.46,122.61101303,4820017.934288324
1632099600,2021-09-20 01:00:00,BTC/EUR,40092.04,40352.76,40049.56,40352.76,4.12251315,166354.78373879398
1632096000,2021-09-20 00:00:00,BTC/EUR,40314.61,40380.99,39931.30,40078.02,13.63554549,546485.6648591298
1632092400,2021-09-19 23:00:00,BTC/EUR,40122.05,40444.83,40094.46,40287.75,10.21924150,411710.246741625
1632088800,2021-09-19 22:00:00,BTC/EUR,40461.17,40614.73,39982.11,40123.61,43.21797682,1734061.2469147202
1632085200,2021-09-19 21:00:00,BTC/EUR,40597.21,40659.34,40392.50,40490.16,13.21105269,534917.6371865305
1632081600,2021-09-19 20:00:00,BTC/EUR,40449.86,40609.07,40328.33,40609.07,28.71182822,1165960.6420139554
1632078000,2021-09-19 19:00:00,BTC/EUR,40696.56,40755.21,40420.36,40441.21,19.51131671,789061.256445619
1632074400,2021-09-19 18:00:00,BTC/EUR,40439.57,40803.63,40389.52,40656.62,8.55759382,347922.8400540884
1632070800,2021-09-19 17:00:00,BTC/EUR,40606.84,40694.99,40379.76,40430.15,16.19247459,654664.1765448885
1632067200,2021-09-19 16:00:00,BTC/EUR,40677.93,40756.16,40566.68,40606.95,15.20384856,617381.918283492
1632063600,2021-09-19 15:00:00,BTC/EUR,40653.13,40791.96,40593.58,40708.83,10.26190472,417750.13472267764
1632060000,2021-09-19 14:00:00,BTC/EUR,40432.35,40743.06,40370.82,40654.61,36.13395121,1469011.6942015782
1632056400,2021-09-19 13:00:00,BTC/EUR,40325.42,40492.82,40317.32,40392.87,8.86130776,357933.6523796712
1632052800,2021-09-19 12:00:00,BTC/EUR,40422.72,40519.02,40209.11,40391.47,39.70206085,1603624.5997609496
1632049200,2021-09-19 11:00:00,BTC/EUR,41018.50,41049.21,40257.36,40433.43,58.65978796,2371816.4302955028
1632045600,2021-09-19 10:00:00,BTC/EUR,41103.61,41135.77,41018.78,41018.78,9.44139531,387274.5171139218
1632042000,2021-09-19 09:00:00,BTC/EUR,41201.65,41258.79,41046.65,41083.32,5.00004478,205418.43971106957
1632038400,2021-09-19 08:00:00,BTC/EUR,41135.54,41255.73,41102.35,41192.86,23.32212227,960704.9175709923
1632034800,2021-09-19 07:00:00,BTC/EUR,41115.55,41173.12,40941.46,41135.91,7.73831209,318322.5096861519
1632031200,2021-09-19 06:00:00,BTC/EUR,40995.11,41109.67,40877.84,41087.30,11.01319211,452502.32818120305
1632027600,2021-09-19 05:00:00,BTC/EUR,40854.08,40999.63,40785.83,40999.63,3.85374816,158002.2486731808
1632024000,2021-09-19 04:00:00,BTC/EUR,40828.79,40971.16,40773.13,40831.93,1.07019228,43698.0162635004
1632020400,2021-09-19 03:00:00,BTC/EUR,40993.78,41020.56,40805.06,40829.97,1.54614591,63129.0911209227
1632016800,2021-09-19 02:00:00,BTC/EUR,40832.15,41008.21,40790.20,41008.21,0.91714314,37610.3984851794
1632013200,2021-09-19 01:00:00,BTC/EUR,40921.69,40923.39,40645.46,40849.21,30.76048539,1256541.527398042
1632009600,2021-09-19 00:00:00,BTC/EUR,41203.87,41275.90,40908.28,40914.90,14.47035647,592053.1879344031
1632006000,2021-09-18 23:00:00,BTC/EUR,41019.72,41270.16,40920.34,41226.41,14.15930795,583737.4348629595
1632002400,2021-09-18 22:00:00,BTC/EUR,40840.77,41041.94,40840.77,40977.22,3.02414227,123920.9431090894
1631998800,2021-09-18 21:00:00,BTC/EUR,40910.26,41057.24,40853.14,40876.14,10.07100933,411663.98731438624
1631995200,2021-09-18 20:00:00,BTC/EUR,41164.90,41176.33,40791.96,40974.02,45.87555744,1879706.0080577086
1631991600,2021-09-18 19:00:00,BTC/EUR,41148.13,41193.90,41014.40,41145.06,11.39651024,468910.09761541436
1631988000,2021-09-18 18:00:00,BTC/EUR,41230.14,41304.76,41133.00,41204.69,5.17720747,213325.2288670343
1631984400,2021-09-18 17:00:00,BTC/EUR,41072.24,41265.23,41011.55,41232.65,10.24481821,422421.0035665565
1631980800,2021-09-18 16:00:00,BTC/EUR,41300.72,41382.25,41075.84,41128.46,10.84491366,446034.5976687636
1631977200,2021-09-18 15:00:00,BTC/EUR,41340.16,41398.85,41158.39,41302.01,10.24389947,423093.63834893476
1631973600,2021-09-18 14:00:00,BTC/EUR,41312.11,41376.10,41244.02,41324.53,12.32574115,509355.4599254095
1631970000,2021-09-18 13:00:00,BTC/EUR,41266.08,41410.68,41217.48,41298.08,30.99276610,1279941.7338190882
1631966400,2021-09-18 12:00:00,BTC/EUR,41257.31,41523.15,41154.52,41257.52,36.44740138,1503729.3913833776
1631962800,2021-09-18 11:00:00,BTC/EUR,41479.93,41528.47,41219.58,41244.02,31.18094446,1286027.496927129
1631959200,2021-09-18 10:00:00,BTC/EUR,41502.57,41566.67,41430.26,41479.06,8.39292833,348130.77777576976
1631955600,2021-09-18 09:00:00,BTC/EUR,41544.06,41670.00,41400.82,41477.52,20.92999038,868124.0945862575
1631952000,2021-09-18 08:00:00,BTC/EUR,41500.23,41617.00,41450.80,41549.83,9.28868564,385943.30926544126
1631948400,2021-09-18 07:00:00,BTC/EUR,41500.00,41584.18,41388.82,41480.69,8.98222024,372588.6932871656
1631944800,2021-09-18 06:00:00,BTC/EUR,41525.38,41591.49,41385.10,41445.28,30.99992452,1284800.5517102657
1631941200,2021-09-18 05:00:00,BTC/EUR,41231.25,41590.00,41177.91,41514.45,84.82208353,3521342.1456020083
1631937600,2021-09-18 04:00:00,BTC/EUR,40892.86,41231.25,40892.86,41231.24,46.50249942,1917355.7141858807
1631934000,2021-09-18 03:00:00,BTC/EUR,40672.26,40923.68,40661.13,40923.68,27.84077534,1139346.980966051
1631930400,2021-09-18 02:00:00,BTC/EUR,40634.46,40678.99,40542.47,40676.56,1.27371536,51810.359263961596
1631926800,2021-09-18 01:00:00,BTC/EUR,40429.40,40666.06,40390.36,40605.05,22.61943653,918463.3512724766
1631923200,2021-09-18 00:00:00,BTC/EUR,40343.40,40417.92,40138.90,40417.92,11.71531209,473508.54682865273
1631919600,2021-09-17 23:00:00,BTC/EUR,40083.10,40381.37,40013.91,40340.20,7.08853007,285952.72072981397
1631916000,2021-09-17 22:00:00,BTC/EUR,40347.00,40469.00,40037.57,40037.57,42.65674975,1707872.6040881076
1631912400,2021-09-17 21:00:00,BTC/EUR,40079.29,40332.33,39920.82,40321.08,41.98088949,1692714.8035974493
1631908800,2021-09-17 20:00:00,BTC/EUR,40488.13,40548.08,40092.83,40092.83,29.46265867,1181241.3654043362
1631905200,2021-09-17 19:00:00,BTC/EUR,40247.70,40508.02,40132.49,40498.71,19.46655834,788370.5009097414
1631901600,2021-09-17 18:00:00,BTC/EUR,40305.31,40357.87,39872.97,40247.70,75.11602421,3023247.207596817
1631898000,2021-09-17 17:00:00,BTC/EUR,40610.40,40669.37,40265.68,40313.13,17.21983547,694185.465880721
1631894400,2021-09-17 16:00:00,BTC/EUR,40528.78,40707.40,40365.74,40609.49,26.10146343,1059967.1181459506
1631890800,2021-09-17 15:00:00,BTC/EUR,40479.35,40596.74,40420.13,40489.59,12.10186117,489999.3970102202
1631887200,2021-09-17 14:00:00,BTC/EUR,40216.58,40506.69,40179.75,40479.35,22.58279418,914136.829590183
1631883600,2021-09-17 13:00:00,BTC/EUR,40327.44,40338.71,40104.02,40201.66,74.77575717,3006109.5659909025
1631880000,2021-09-17 12:00:00,BTC/EUR,40232.86,40353.33,40080.64,40287.41,31.94366929,1286927.701590639
1631876400,2021-09-17 11:00:00,BTC/EUR,40271.67,40573.66,40149.00,40214.52,41.24823194,1658777.8483157686
1631872800,2021-09-17 10:00:00,BTC/EUR,40533.19,40571.58,40189.71,40298.08,74.02925849,2983236.9809706993
1631869200,2021-09-17 09:00:00,BTC/EUR,40705.06,40751.23,40504.06,40533.19,129.78810871,5260726.0700830845
1631865600,2021-09-17 08:00:00,BTC/EUR,40543.12,40751.48,40497.06,40703.02,32.00613950,1302746.53619129
1631862000,2021-09-17 07:00:00,BTC/EUR,40846.86,40911.42,40500.00,40579.40,23.17431579,940399.830168726
1631858400,2021-09-17 06:00:00,BTC/EUR,40850.83,40880.06,40621.31,40840.38,12.70630438,518930.2992748644
1631854800,2021-09-17 05:00:00,BTC/EUR,40864.02,40927.63,40757.41,40851.12,4.17656022,170617.1627344464
1631851200,2021-09-17 04:00:00,BTC/EUR,40720.21,40906.74,40584.75,40871.40,3.86036671,157778.59195109401
1631847600,2021-09-17 03:00:00,BTC/EUR,40603.63,40846.97,40596.35,40717.01,3.56533572,145169.8101645972
1631844000,2021-09-17 02:00:00,BTC/EUR,40859.40,40887.50,40579.40,40594.93,4.02060585,163216.2130383405
1631840400,2021-09-17 01:00:00,BTC/EUR,40416.97,40893.29,40347.44,40836.69,35.00273641,1429395.895926883
1631836800,2021-09-17 00:00:00,BTC/EUR,40569.67,40725.98,40417.61,40419.59,6.70894360,271172.74964512396
1631833200,2021-09-16 23:00:00,BTC/EUR,40510.97,40743.06,40450.95,40604.64,24.85259255,1009130.573559432
1631829600,2021-09-16 22:00:00,BTC/EUR,40531.95,40596.74,40414.01,40492.70,20.67336233,837120.2588199909
1631826000,2021-09-16 21:00:00,BTC/EUR,40049.85,40528.26,40049.85,40526.39,32.65488552,1323384.6259888727
1631822400,2021-09-16 20:00:00,BTC/EUR,40331.82,40394.43,39968.72,40038.28,52.41157431,2098469.2874645866
1631818800,2021-09-16 19:00:00,BTC/EUR,40559.36,40607.91,40309.90,40309.90,20.30054736,818313.034026864
1631815200,2021-09-16 18:00:00,BTC/EUR,40303.75,40559.36,40235.96,40559.36,48.55811808,1969486.1921292287
1631811600,2021-09-16 17:00:00,BTC/EUR,40798.18,40869.51,40300.00,40309.34,42.47300346,1712058.7372903163
1631808000,2021-09-16 16:00:00,BTC/EUR,40845.44,40950.18,40758.34,40802.99,15.62866191,637696.1356271108
1631804400,2021-09-16 15:00:00,BTC/EUR,40460.61,41036.09,40346.86,40849.82,61.73077487,2521691.0419000234
1631800800,2021-09-16 14:00:00,BTC/EUR,40384.44,40577.73,40173.25,40477.33,75.04787009,3037737.40343006
1631797200,2021-09-16 13:00:00,BTC/EUR,40888.61,40922.24,40364.95,40387.71,46.55578748,1880281.6435638708
1631793600,2021-09-16 12:00:00,BTC/EUR,40718.57,40988.10,40595.10,40908.88,34.88048622,1426921.6251156335
1631790000,2021-09-16 11:00:00,BTC/EUR,40616.23,40828.82,40588.87,40722.83,19.86926924,809132.8734847492
1631786400,2021-09-16 10:00:00,BTC/EUR,40697.48,40842.99,40499.48,40638.00,37.81770800,1536836.0177040002
1631782800,2021-09-16 09:00:00,BTC/EUR,40841.53,41026.13,40692.73,40714.34,21.91722289,892345.2645992426
1631779200,2021-09-16 08:00:00,BTC/EUR,41036.52,41068.56,40789.81,40866.19,40.35095338,1648989.7275082222
1631775600,2021-09-16 07:00:00,BTC/EUR,41022.99,41131.19,41012.84,41058.75,31.04095074,1274502.636195975
1631772000,2021-09-16 06:00:00,BTC/EUR,40921.55,41051.83,40876.38,41012.37,22.14613385,908265.4355257244
1631768400,2021-09-16 05:00:00,BTC/EUR,40898.24,40980.35,40796.83,40904.81,8.62631858,352857.92251436977
1631764800,2021-09-16 04:00:00,BTC/EUR,40330.07,41062.18,40318.98,40913.35,113.88625717,4659468.299786219
1631761200,2021-09-16 03:00:00,BTC/EUR,40544.26,40574.06,40086.27,40349.11,64.56028815,2604950.1681960467
1631757600,2021-09-16 02:00:00,BTC/EUR,40596.21,40709.21,40440.96,40537.76,11.83722766,479854.69394644164
1631754000,2021-09-16 01:00:00,BTC/EUR,40543.65,40698.03,40494.79,40625.99,4.12300317,167501.08555438826
1631750400,2021-09-16 00:00:00,BTC/EUR,40728.96,40809.26,40499.48,40540.59,18.29446620,741668.4534830579
1631746800,2021-09-15 23:00:00,BTC/EUR,40853.60,40987.32,40625.83,40725.65,29.23605718,1190657.432092667
1631743200,2021-09-15 22:00:00,BTC/EUR,40767.50,40845.16,40612.01,40845.16,10.12232257,413447.8849432612
1631739600,2021-09-15 21:00:00,BTC/EUR,40576.43,40852.28,40552.98,40752.82,8.57119958,349300.5536678156
1631736000,2021-09-15 20:00:00,BTC/EUR,40732.68,40788.79,40545.28,40556.28,18.34020838,743810.6263176263
1631732400,2021-09-15 19:00:00,BTC/EUR,40688.92,40769.86,40605.94,40710.20,11.84817844,482341.71392808796
1631728800,2021-09-15 18:00:00,BTC/EUR,40681.83,40722.80,40533.13,40710.73,30.64277927,1247489.9133105671
1631725200,2021-09-15 17:00:00,BTC/EUR,40733.18,40891.06,40636.34,40639.60,29.52193627,1199759.681238292
1631721600,2021-09-15 16:00:00,BTC/EUR,40915.92,41028.00,40702.26,40734.82,50.79765199,2069233.2102352916
1631718000,2021-09-15 15:00:00,BTC/EUR,40512.01,40927.98,40479.36,40927.98,138.19367618,5655988.014821517
1631714400,2021-09-15 14:00:00,BTC/EUR,40429.20,40544.00,40332.36,40535.77,43.17516909,1750138.723943349
1631710800,2021-09-15 13:00:00,BTC/EUR,40170.38,40499.48,40112.03,40429.06,64.71700416,2616447.6442048894
1631707200,2021-09-15 12:00:00,BTC/EUR,40268.84,40330.73,40061.13,40160.47,37.68737600,1513542.73322672
1631703600,2021-09-15 11:00:00,BTC/EUR,40279.10,40329.32,40062.73,40257.88,44.59243919,1795197.065818317
1631700000,2021-09-15 10:00:00,BTC/EUR,39889.30,40336.69,39868.63,40274.81,102.51728508,4128864.1783128344
1631696400,2021-09-15 09:00:00,BTC/EUR,39820.66,40018.14,39790.27,39866.63,19.14230656,763139.2529740928
1631692800,2021-09-15 08:00:00,BTC/EUR,39949.40,40055.00,39779.47,39825.64,30.38212993,1209987.7690254052
1631689200,2021-09-15 07:00:00,BTC/EUR,39753.54,39968.05,39709.62,39968.05,24.25617689,969472.0907483646
1631685600,2021-09-15 06:00:00,BTC/EUR,39748.80,39830.54,39581.10,39736.01,51.56089601,2048824.2794623203
1631682000,2021-09-15 05:00:00,BTC/EUR,39733.52,39913.01,39682.15,39759.32,16.04814492,638063.3292806543
1631678400,2021-09-15 04:00:00,BTC/EUR,39887.97,39944.46,39709.54,39733.52,9.71029060,385824.025760912
1631674800,2021-09-15 03:00:00,BTC/EUR,39957.15,39994.56,39807.00,39941.80,16.77939588,670199.274359784
1631671200,2021-09-15 02:00:00,BTC/EUR,39861.40,40015.61,39819.85,39980.95,6.73363890,269217.280178955
1631667600,2021-09-15 01:00:00,BTC/EUR,39971.73,40250.00,39839.35,39866.37,35.06769999,1398021.9028503364
1631664000,2021-09-15 00:00:00,BTC/EUR,39911.11,40120.44,39784.22,39932.55,35.06258605,1400138.4705709277
1631660400,2021-09-14 23:00:00,BTC/EUR,40002.90,40048.00,39727.68,39924.00,32.25515168,1287754.67567232
1631656800,2021-09-14 22:00:00,BTC/EUR,39542.87,40016.68,39465.69,40016.68,82.13349787,3286709.9015444717
1631653200,2021-09-14 21:00:00,BTC/EUR,39656.28,39707.44,39303.26,39527.36,18.13830991,716959.5056041377
1631649600,2021-09-14 20:00:00,BTC/EUR,39395.14,39788.49,39365.86,39676.81,21.31518309,845718.4695771429
1631646000,2021-09-14 19:00:00,BTC/EUR,39409.29,39533.26,39345.19,39387.57,10.99011990,432874.116869643
1631642400,2021-09-14 18:00:00,BTC/EUR,39534.50,39555.53,39240.27,39389.07,29.64538609,1167704.1878760362
1631638800,2021-09-14 17:00:00,BTC/EUR,39440.20,39577.00,39308.92,39534.10,11.73105096,463776.54175773595
1631635200,2021-09-14 16:00:00,BTC/EUR,39574.00,39649.00,39393.17,39444.11,25.59180819,1009446.0973452609
1631631600,2021-09-14 15:00:00,BTC/EUR,39424.00,39729.77,39415.79,39566.21,97.05095329,3839938.398572331
1631628000,2021-09-14 14:00:00,BTC/EUR,39274.08,39420.79,39048.32,39418.91,60.17130510,2371887.260319441
1631624400,2021-09-14 13:00:00,BTC/EUR,39329.90,39539.64,39136.91,39268.70,71.35212477,2801905.181955699
1631620800,2021-09-14 12:00:00,BTC/EUR,38972.50,39374.03,38751.03,39331.31,81.06949938,3188569.6116595874
1631617200,2021-09-14 11:00:00,BTC/EUR,39059.86,39100.00,38865.12,38972.50,19.81668934,772305.92530315
1631613600,2021-09-14 10:00:00,BTC/EUR,38824.22,39068.28,38792.59,39026.37,48.43741080,1890336.3157227961
1631610000,2021-09-14 09:00:00,BTC/EUR,38910.33,39063.41,38663.06,38817.24,66.45734573,2579690.738964385
1631606400,2021-09-14 08:00:00,BTC/EUR,38695.79,38950.92,38645.47,38891.14,36.28750309,1411262.3629236226
1631602800,2021-09-14 07:00:00,BTC/EUR,38631.98,38841.01,38592.25,38694.62,50.92179721,1970399.5927580104
1631599200,2021-09-14 06:00:00,BTC/EUR,38319.82,38677.33,38244.18,38622.71,45.06788835,1740643.9820544284
1631595600,2021-09-14 05:00:00,BTC/EUR,38189.80,38329.59,38150.48,38298.13,4.84972943,185735.56817496588
1631592000,2021-09-14 04:00:00,BTC/EUR,38261.70,38359.23,38149.70,38189.80,2.53279131,96726.79357063801
1631588400,2021-09-14 03:00:00,BTC/EUR,38170.00,38330.15,38148.46,38242.73,1.95049349,74592.1959048277
1631584800,2021-09-14 02:00:00,BTC/EUR,38245.69,38271.01,38090.66,38122.80,3.77064217,143747.437318476
1631581200,2021-09-14 01:00:00,BTC/EUR,38270.30,38408.48,38198.35,38245.69,7.92339848,303035.8420125512
1631577600,2021-09-14 00:00:00,BTC/EUR,38086.09,38362.51,37823.49,38280.76,19.10093225,731198.2032385101
1631574000,2021-09-13 23:00:00,BTC/EUR,38193.40,38222.85,37928.83,38068.67,12.16446460,463084.988584082
1631570400,2021-09-13 22:00:00,BTC/EUR,38233.80,38293.65,38059.83,38157.08,6.89766485,263194.749494638
1631566800,2021-09-13 21:00:00,BTC/EUR,38295.25,38528.57,38050.97,38213.58,58.85362356,2249007.652199945
1631563200,2021-09-13 20:00:00,BTC/EUR,37921.35,38300.00,37916.83,38255.41,31.01313450,1186420.175682645
1631559600,2021-09-13 19:00:00,BTC/EUR,37907.64,37959.81,37790.26,37895.98,25.90480946,981688.1411999709
1631556000,2021-09-13 18:00:00,BTC/EUR,37686.58,37907.17,37568.85,37899.52,24.11926804,914108.6814673408
1631552400,2021-09-13 17:00:00,BTC/EUR,37649.75,37754.24,37549.06,37703.88,31.42275364,1184759.7325121232
1631548800,2021-09-13 16:00:00,BTC/EUR,37580.71,37685.25,37425.27,37638.40,25.38191632,955334.719218688
1631545200,2021-09-13 15:00:00,BTC/EUR,37200.00,37729.08,37166.58,37618.50,63.87986793,2403064.811724705
1631541600,2021-09-13 14:00:00,BTC/EUR,39115.16,39201.21,36838.59,37256.06,636.43724449,23711144.166954108
1631538000,2021-09-13 13:00:00,BTC/EUR,37907.41,39738.10,37845.21,39133.34,239.51458329,9373005.622845888
1631534400,2021-09-13 12:00:00,BTC/EUR,38156.03,38232.03,37845.95,37903.50,48.75039438,1847810.5733823301
1631530800,2021-09-13 11:00:00,BTC/EUR,37984.53,38188.12,37556.34,38134.28,51.21633805,1953098.1757733538
1631527200,2021-09-13 10:00:00,BTC/EUR,37772.05,37998.88,37729.13,37984.47,46.56339163,1768685.7524679862
1631523600,2021-09-13 09:00:00,BTC/EUR,37688.41,37895.37,37647.88,37781.78,33.81472994,1277580.6873524932
1631520000,2021-09-13 08:00:00,BTC/EUR,37728.16,37829.81,37507.29,37692.00,41.38510515,1559887.3833138
1631516400,2021-09-13 07:00:00,BTC/EUR,38057.58,38135.05,37507.70,37759.22,71.15133358,2686618.8579406077
1631512800,2021-09-13 06:00:00,BTC/EUR,37973.63,38131.15,37835.03,38057.59,25.87704811,984818.0873806549
1631509200,2021-09-13 05:00:00,BTC/EUR,37931.34,38142.40,37613.20,37977.24,39.58491947,1503325.9870928628
1631505600,2021-09-13 04:00:00,BTC/EUR,37825.14,37948.97,37712.89,37927.82,17.55557469,665844.6768388757
1631502000,2021-09-13 03:00:00,BTC/EUR,38080.09,38207.39,37778.15,37821.88,31.55443983,1193448.2367174802
1631498400,2021-09-13 02:00:00,BTC/EUR,38236.02,38347.49,37959.81,38086.42,51.03908751,1943896.1233226142
1631494800,2021-09-13 01:00:00,BTC/EUR,39002.89,39002.89,38233.95,38293.70,56.16879836,2150911.1137583316
1631491200,2021-09-13 00:00:00,BTC/EUR,38958.86,39178.97,38891.65,39028.28,4.46136219,174119.29273273319
1631487600,2021-09-12 23:00:00,BTC/EUR,38783.00,39313.68,38782.24,38997.32,60.99028995,2378457.854072934
1631484000,2021-09-12 22:00:00,BTC/EUR,38350.61,38757.22,38333.00,38757.22,28.87918573,1119276.9547584706
1631480400,2021-09-12 21:00:00,BTC/EUR,38172.47,38354.03,38010.00,38352.83,26.00159570,997234.779610831
1631476800,2021-09-12 20:00:00,BTC/EUR,38835.05,39107.90,38096.63,38167.50,83.17412237,3174548.315556975
1631473200,2021-09-12 19:00:00,BTC/EUR,38859.17,38903.51,38751.36,38862.99,3.27117566,127127.6669628234
1631469600,2021-09-12 18:00:00,BTC/EUR,38883.81,38951.68,38770.99,38874.75,10.23073757,397717.36534935754
1631466000,2021-09-12 17:00:00,BTC/EUR,38863.58,38936.84,38811.66,38887.72,8.78680593,341698.8487001796
1631462400,2021-09-12 16:00:00,BTC/EUR,38841.87,39055.48,38819.68,38866.92,10.32042860,401123.27276191197
1631458800,2021-09-12 15:00:00,BTC/EUR,38907.89,38952.92,38751.80,38916.87,8.67481529,337596.6589149423
1631455200,2021-09-12 14:00:00,BTC/EUR,38943.32,39003.57,38839.46,38865.03,13.88228847,539535.5578552041
1631451600,2021-09-12 13:00:00,BTC/EUR,38995.91,39208.54,38792.32,38942.17,16.48286182,641878.4070809494
1631448000,2021-09-12 12:00:00,BTC/EUR,39070.60,39143.68,38959.82,38982.17,9.86590236,384594.2830009212
1631444400,2021-09-12 11:00:00,BTC/EUR,38969.94,39070.57,38897.68,39070.57,14.46628540,565206.016360678
1631440800,2021-09-12 10:00:00,BTC/EUR,38888.40,38991.80,38782.65,38969.18,15.60620634,608161.0639806011
1631437200,2021-09-12 09:00:00,BTC/EUR,39105.06,39150.00,38856.77,38856.77,17.98639421,698893.1829473017
1631433600,2021-09-12 08:00:00,BTC/EUR,38465.39,39115.16,38403.73,39105.39,80.13666137,3133775.396171784
1631430000,2021-09-12 07:00:00,BTC/EUR,38296.88,38477.40,38188.79,38458.88,18.48537150,710926.6842739199
1631426400,2021-09-12 06:00:00,BTC/EUR,38482.13,38524.10,38265.19,38298.56,6.65096979,254722.5655605024
1631422800,2021-09-12 05:00:00,BTC/EUR,38402.25,38556.27,38355.78,38475.71,7.89792234,303878.1695563614
1631419200,2021-09-12 04:00:00,BTC/EUR,38437.06,38551.05,38361.35,38432.45,8.57172387,329432.34904758143
1631415600,2021-09-12 03:00:00,BTC/EUR,38401.99,38438.63,38312.85,38420.14,4.34534178,166948.6395354492
1631412000,2021-09-12 02:00:00,BTC/EUR,38086.61,38400.00,38086.61,38400.00,10.78440308,414121.078272
1631408400,2021-09-12 01:00:00,BTC/EUR,38112.02,38137.23,37948.33,38083.51,7.00406458,266739.3634730758
1631404800,2021-09-12 00:00:00,BTC/EUR,38263.95,38380.75,37959.81,38106.36,34.18685207,1302736.4922461652
1631401200,2021-09-11 23:00:00,BTC/EUR,38142.35,38316.94,38125.99,38252.34,10.33814989,395458.4245632426
1631397600,2021-09-11 22:00:00,BTC/EUR,38439.25,38439.25,38173.71,38206.39,20.47942392,782444.8572628488
1631394000,2021-09-11 21:00:00,BTC/EUR,38374.79,38517.76,38374.79,38482.73,10.09186843,388362.6479872139
1631390400,2021-09-11 20:00:00,BTC/EUR,38440.57,38499.49,38260.94,38398.88,16.58235520,636743.8674421759
1631386800,2021-09-11 19:00:00,BTC/EUR,38673.29,38718.65,38403.20,38420.79,28.77243573,1105459.7109708267
1631383200,2021-09-11 18:00:00,BTC/EUR,38677.01,38696.11,38556.80,38673.29,9.53014563,368562.0856912227
1631379600,2021-09-11 17:00:00,BTC/EUR,38856.04,38876.73,38640.71,38680.75,11.73116308,453770.18630671
1631376000,2021-09-11 16:00:00,BTC/EUR,38648.60,38968.85,38508.34,38904.07,23.91043338,930213.1739458566
1631372400,2021-09-11 15:00:00,BTC/EUR,38721.10,38728.81,38571.72,38640.96,6.11475807,236280.12199254718
1631368800,2021-09-11 14:00:00,BTC/EUR,38653.30,38783.32,38565.52,38714.91,20.02912190,775425.6517375291
1631365200,2021-09-11 13:00:00,BTC/EUR,38615.00,38660.00,38464.36,38629.19,7.62940222,294717.6279428018
1631361600,2021-09-11 12:00:00,BTC/EUR,38615.69,38788.16,38499.72,38620.00,11.88959601,459176.1979062
1631358000,2021-09-11 11:00:00,BTC/EUR,38705.99,38713.84,38535.98,38600.45,16.57488668,639798.084547006
1631354400,2021-09-11 10:00:00,BTC/EUR,38513.88,38759.27,38498.71,38702.30,45.12043544,1746264.628529512
1631350800,2021-09-11 09:00:00,BTC/EUR,38238.60,38543.21,38071.20,38536.32,32.12870479,1238122.048972973
1631347200,2021-09-11 08:00:00,BTC/EUR,38151.22,38290.16,38000.00,38256.49,6.41799924,245530.1237450676
1631343600,2021-09-11 07:00:00,BTC/EUR,38345.42,38345.42,37952.64,38148.23,19.21841524,733148.5248110252
1631340000,2021-09-11 06:00:00,BTC/EUR,38485.11,38488.12,38254.69,38353.22,16.51767572,633506.0507778184
1631336400,2021-09-11 05:00:00,BTC/EUR,38390.21,38421.06,38126.72,38407.15,8.10964818,311468.47409648704
1631332800,2021-09-11 04:00:00,BTC/EUR,38299.40,38495.45,38252.94,38385.70,2.14472860,82326.90862102
1631329200,2021-09-11 03:00:00,BTC/EUR,38376.03,38376.03,38014.08,38241.93,8.55405280,327123.48839390394
1631325600,2021-09-11 02:00:00,BTC/EUR,38414.97,38491.81,38235.61,38329.44,4.42028759,169427.14796364962
1631322000,2021-09-11 01:00:00,BTC/EUR,38301.74,38510.06,38262.60,38388.85,22.47566100,862814.7787798499
1631318400,2021-09-11 00:00:00,BTC/EUR,38011.17,38305.10,37926.91,38286.29,25.66537380,982631.944265202
1631314800,2021-09-10 23:00:00,BTC/EUR,37620.24,38022.57,37462.34,38001.41,26.99480805,1025840.7685793506
1631311200,2021-09-10 22:00:00,BTC/EUR,37805.89,38030.28,37584.00,37667.38,42.14637297,1587543.4462827186
1631307600,2021-09-10 21:00:00,BTC/EUR,38170.23,38343.68,37420.30,37783.41,75.53682535,2854038.8422974437
1631304000,2021-09-10 20:00:00,BTC/EUR,38651.63,38804.93,38142.35,38197.64,28.34176357,1082588.481811975
1631300400,2021-09-10 19:00:00,BTC/EUR,38707.06,38725.02,38500.00,38624.72,14.22281700,549352.32423624
1631296800,2021-09-10 18:00:00,BTC/EUR,38682.20,38799.13,38624.71,38713.53,33.31380781,1289695.0980666692
1631293200,2021-09-10 17:00:00,BTC/EUR,38503.98,38698.93,38424.96,38698.93,22.31547635,863585.0571853055
1631289600,2021-09-10 16:00:00,BTC/EUR,38438.93,38558.75,38335.37,38505.91,17.52124872,674671.6262999353
1631286000,2021-09-10 15:00:00,BTC/EUR,38144.01,38591.14,37835.59,38438.94,212.23418049,8158056.929804281
1631282400,2021-09-10 14:00:00,BTC/EUR,38754.90,38927.97,37947.52,38132.94,265.87207167,10138483.756667811
1631278800,2021-09-10 13:00:00,BTC/EUR,38819.37,39100.00,38583.00,38746.88,71.04505836,2752774.3508679164
1631275200,2021-09-10 12:00:00,BTC/EUR,39174.53,39286.65,38758.20,38804.33,35.39859945,1373618.9345956186
1631271600,2021-09-10 11:00:00,BTC/EUR,39097.96,39205.33,38816.68,39171.47,35.75833416,1400706.5137984152
1631268000,2021-09-10 10:00:00,BTC/EUR,39045.21,39188.88,38967.04,39102.92,32.22347123,1260031.8176289916
1631264400,2021-09-10 09:00:00,BTC/EUR,38848.81,39117.94,38623.64,39067.05,195.67917011,7644607.922645876
1631260800,2021-09-10 08:00:00,BTC/EUR,38996.07,39136.49,38546.56,38834.10,64.62354937,2509597.378589517
1631257200,2021-09-10 07:00:00,BTC/EUR,39226.40,39298.93,38782.08,38967.88,159.37374655,6210457.030710814
1631253600,2021-09-10 06:00:00,BTC/EUR,39439.79,39474.19,39200.00,39223.93,26.70991725,1047667.9245197925
1631250000,2021-09-10 05:00:00,BTC/EUR,39326.93,39539.27,39162.10,39457.64,157.08225427,6198095.039374122
1631246400,2021-09-10 04:00:00,BTC/EUR,39499.69,39573.69,39378.64,39388.92,4.75390804,187251.3034749168
1631242800,2021-09-10 03:00:00,BTC/EUR,39485.33,39506.04,39303.25,39474.54,118.44666376,4675627.566460671
1631239200,2021-09-10 02:00:00,BTC/EUR,39679.04,39716.75,39486.78,39498.30,1.80977157,71482.900403331
1631235600,2021-09-10 01:00:00,BTC/EUR,39417.62,39786.82,39384.52,39633.64,90.96591355,3605310.269911822
1631232000,2021-09-10 00:00:00,BTC/EUR,39249.21,39500.00,39138.92,39400.59,7.85548470,309510.73191597295
1631228400,2021-09-09 23:00:00,BTC/EUR,39309.44,39460.00,39166.78,39249.21,11.77169992,462029.9222170632
1631224800,2021-09-09 22:00:00,BTC/EUR,39333.39,39401.80,39138.92,39354.09,12.81551729,504343.0208272161
1631221200,2021-09-09 21:00:00,BTC/EUR,39148.33,39343.40,39100.00,39343.40,8.99035551,353711.15297213406
1631217600,2021-09-09 20:00:00,BTC/EUR,39426.40,39462.49,39000.00,39150.38,51.85602956,2030183.2625652328
1631214000,2021-09-09 19:00:00,BTC/EUR,39450.20,39525.88,39318.68,39423.47,9.75081520,384410.970512744
1631210400,2021-09-09 18:00:00,BTC/EUR,39558.22,39603.72,39295.76,39439.78,35.55749621,1402379.8278732337
1631206800,2021-09-09 17:00:00,BTC/EUR,39900.43,39978.94,39539.64,39558.04,22.58468186,893405.7484051544
1631203200,2021-09-09 16:00:00,BTC/EUR,39783.63,40064.70,39630.38,39919.11,28.46139900,1136153.71743489
1631199600,2021-09-09 15:00:00,BTC/EUR,39777.54,39849.83,39565.44,39776.01,20.90721474,831605.5825703875
1631196000,2021-09-09 14:00:00,BTC/EUR,39725.64,39963.43,39725.64,39770.76,44.75588624,1779975.6102383425
1631192400,2021-09-09 13:00:00,BTC/EUR,39504.84,39949.86,39504.84,39724.48,111.01883504,4410165.49216978
1631188800,2021-09-09 12:00:00,BTC/EUR,39152.00,39587.08,38614.33,39487.63,159.30480693,6290569.273273276
1631185200,2021-09-09 11:00:00,BTC/EUR,39028.25,39278.69,38989.81,39152.01,18.52578122,725321.5715832522
1631181600,2021-09-09 10:00:00,BTC/EUR,39029.48,39152.92,38834.71,39046.34,36.11886014,1410309.2934388875
1631178000,2021-09-09 09:00:00,BTC/EUR,39146.11,39255.66,39020.19,39053.37,25.49962133,995846.1466603822
1631174400,2021-09-09 08:00:00,BTC/EUR,39177.73,39382.00,39032.98,39145.64,61.88921717,2422693.015218639
1631170800,2021-09-09 07:00:00,BTC/EUR,39090.78,39200.71,38847.65,39181.63,50.91728036,1995022.0396717866
1631167200,2021-09-09 06:00:00,BTC/EUR,39225.15,39256.14,38969.54,39100.43,33.53322834,1311163.6473821863
1631163600,2021-09-09 05:00:00,BTC/EUR,39058.63,39252.03,38988.53,39224.37,10.61029285,416182.05255675456
1631160000,2021-09-09 04:00:00,BTC/EUR,38948.93,39236.52,38891.08,39098.55,19.99128066,781630.0864490431
1631156400,2021-09-09 03:00:00,BTC/EUR,38762.32,39005.08,38526.08,38943.14,16.29116018,634428.9316521651
1631152800,2021-09-09 02:00:00,BTC/EUR,39075.00,39166.44,38679.68,38706.62,24.40277693,944549.0135742767
1631149200,2021-09-09 01:00:00,BTC/EUR,39231.88,39254.83,38878.40,39055.35,5.22859646,204204.664754061
1631145600,2021-09-09 00:00:00,BTC/EUR,38976.00,39243.83,38850.00,39232.32,25.84820084,1014084.8867791488
1631142000,2021-09-08 23:00:00,BTC/EUR,39442.08,39486.18,38901.33,38991.57,22.20252868,865711.4512032276
1631138400,2021-09-08 22:00:00,BTC/EUR,38959.87,39582.61,38922.76,39462.51,31.21044146,1231642.3582196645
1631134800,2021-09-08 21:00:00,BTC/EUR,38991.76,39187.30,38900.00,39009.34,33.77464670,1317526.6765001777
1631131200,2021-09-08 20:00:00,BTC/EUR,39289.54,39305.79,38810.00,38986.77,33.18276258,1293688.7326710667
1631127600,2021-09-08 19:00:00,BTC/EUR,39341.42,39370.78,39139.12,39325.71,26.88302087,1057193.8826575677
1631124000,2021-09-08 18:00:00,BTC/EUR,39109.58,39359.37,39011.83,39359.37,30.90723993,1216489.4920836443
1631120400,2021-09-08 17:00:00,BTC/EUR,39303.98,39303.98,38918.35,39110.38,18.95233696,741233.1003936448
1631116800,2021-09-08 16:00:00,BTC/EUR,39029.78,39385.51,38830.69,39277.49,36.34086493,1427377.9588794257
1631113200,2021-09-08 15:00:00,BTC/EUR,38828.05,39303.25,38771.11,38998.51,59.04451574,2302648.1375315473
1631109600,2021-09-08 14:00:00,BTC/EUR,39230.38,39280.08,38695.24,38831.22,90.73027664,3523167.332868701
1631106000,2021-09-08 13:00:00,BTC/EUR,39169.81,39636.72,38695.24,39233.04,135.79112907,5327498.798448473
1631102400,2021-09-08 12:00:00,BTC/EUR,39302.44,39530.61,39043.20,39166.22,63.22883808,2476434.582585658
1631098800,2021-09-08 11:00:00,BTC/EUR,39346.11,39592.19,39232.87,39276.32,88.99516193,3495402.4584144973
1631095200,2021-09-08 10:00:00,BTC/EUR,39195.51,39430.00,38791.82,39310.39,63.88390930,2511301.389307627
1631091600,2021-09-08 09:00:00,BTC/EUR,38926.03,39208.98,38671.84,39185.04,126.24361286,4946861.019663614
1631088000,2021-09-08 08:00:00,BTC/EUR,38100.84,38950.00,37614.72,38926.10,316.66833880,12326663.42296268
1631084400,2021-09-08 07:00:00,BTC/EUR,38158.93,38493.10,38088.87,38117.18,152.09023725,5797250.949500955
1631080800,2021-09-08 06:00:00,BTC/EUR,38980.14,39223.22,38070.40,38194.50,218.42501175,8342634.111285375
1631077200,2021-09-08 05:00:00,BTC/EUR,39245.15,39461.13,38927.97,38972.82,61.19575144,2384971.005635861
1631073600,2021-09-08 04:00:00,BTC/EUR,39258.83,39575.37,39112.13,39239.60,27.36314883,1073719.014829668
1631070000,2021-09-08 03:00:00,BTC/EUR,39765.29,39815.97,39093.78,39266.55,50.71102473,1991246.9881117817
1631066400,2021-09-08 02:00:00,BTC/EUR,39867.09,39974.85,39744.41,39758.80,19.23066754,764588.2645893521
1631062800,2021-09-08 01:00:00,BTC/EUR,39739.73,39850.83,39499.80,39850.83,14.26999981,568671.3365283423
1631059200,2021-09-08 00:00:00,BTC/EUR,39612.52,39803.02,39252.90,39742.20,33.16304693,1317972.4437014458
1631055600,2021-09-07 23:00:00,BTC/EUR,39550.70,39866.08,39296.49,39520.40,33.07762062,1307240.797950648
1631052000,2021-09-07 22:00:00,BTC/EUR,39327.09,39686.75,39172.43,39580.00,47.91353317,1896417.6428686
1631048400,2021-09-07 21:00:00,BTC/EUR,39578.16,39709.45,38960.00,39342.16,59.43304205,2338224.249617828
1631044800,2021-09-07 20:00:00,BTC/EUR,39498.59,39872.97,39129.65,39580.11,110.15798211,4360065.049291832
1631041200,2021-09-07 19:00:00,BTC/EUR,39661.36,39944.89,39394.18,39500.36,98.33623910,3884316.845496076
1631037600,2021-09-07 18:00:00,BTC/EUR,39407.05,40000.00,38834.71,39694.52,262.47978859,10419009.217781525
1631034000,2021-09-07 17:00:00,BTC/EUR,40195.73,40245.10,39397.63,39407.05,182.48559644,7191219.023190903
1631030400,2021-09-07 16:00:00,BTC/EUR,39528.41,40258.25,39209.10,40172.48,235.47949953,9459795.485278934
1631026800,2021-09-07 15:00:00,BTC/EUR,40068.63,40548.08,36443.11,39528.07,1512.60157497,59790220.93752441
1631023200,2021-09-07 14:00:00,BTC/EUR,42642.79,42863.09,40051.00,40051.00,491.59231370,19688763.7559987
1631019600,2021-09-07 13:00:00,BTC/EUR,43043.45,43124.22,42651.40,42702.05,57.65237004,2461874.3880665824
1631016000,2021-09-07 12:00:00,BTC/EUR,42968.96,43099.18,42716.27,43035.93,33.03376606,1421638.8437945356
1631012400,2021-09-07 11:00:00,BTC/EUR,43081.47,43157.48,42964.64,42968.97,35.63285581,1531107.1123142159
1631008800,2021-09-07 10:00:00,BTC/EUR,42827.15,43201.11,42812.98,43060.10,64.83609607,2791848.7803838067
1631005200,2021-09-07 09:00:00,BTC/EUR,43124.41,43321.99,42578.74,42863.54,137.51121440,5894217.438882976
1631001600,2021-09-07 08:00:00,BTC/EUR,44095.46,44129.04,43105.55,43126.88,220.62850120,9515018.895832255
1630998000,2021-09-07 07:00:00,BTC/EUR,44125.38,44196.51,43863.80,44073.43,96.86862111,4269332.3916881075
1630994400,2021-09-07 06:00:00,BTC/EUR,44374.41,44403.69,44100.68,44133.48,29.26809911,1291703.066709203
1630990800,2021-09-07 05:00:00,BTC/EUR,44248.39,44445.33,44148.17,44393.35,13.56921930,602383.101611655
1630987200,2021-09-07 04:00:00,BTC/EUR,44359.16,44382.06,44210.12,44263.64,17.37893773,769255.0432631372
1630983600,2021-09-07 03:00:00,BTC/EUR,44415.41,44562.83,44323.25,44365.20,10.52716398,467039.7354054959
1630980000,2021-09-07 02:00:00,BTC/EUR,44237.40,44500.00,44214.34,44393.41,8.16589484,362511.91764900443
1630976400,2021-09-07 01:00:00,BTC/EUR,44235.41,44394.81,44155.80,44220.26,4.95571859,219143.1645366334
1630972800,2021-09-07 00:00:00,BTC/EUR,44422.86,44460.00,44127.03,44236.73,12.35800617,546677.7822806241
1630969200,2021-09-06 23:00:00,BTC/EUR,44324.00,44470.81,44120.69,44388.93,27.27794212,1210838.6633087315
1630965600,2021-09-06 22:00:00,BTC/EUR,43923.43,44355.97,43899.04,44296.96,73.12662373,3239287.126302861
1630962000,2021-09-06 21:00:00,BTC/EUR,43774.00,43940.67,43682.13,43923.43,17.06208315,749425.2148932045
1630958400,2021-09-06 20:00:00,BTC/EUR,43607.71,43811.60,43523.24,43773.96,9.61461628,420869.82845606876
1630954800,2021-09-06 19:00:00,BTC/EUR,43689.77,43881.41,43572.53,43606.43,31.10415683,1356341.237516417
1630951200,2021-09-06 18:00:00,BTC/EUR,43568.76,43729.12,43485.66,43696.45,31.64112959,1382605.0370729554
1630947600,2021-09-06 17:00:00,BTC/EUR,43432.95,43585.45,43423.59,43541.33,8.18554657,356409.5844347381
1630944000,2021-09-06 16:00:00,BTC/EUR,43513.19,43625.60,43391.45,43450.46,17.91332189,778342.0762485693
1630940400,2021-09-06 15:00:00,BTC/EUR,43624.80,43625.62,43447.57,43489.22,36.86621105,1603282.762919881
1630936800,2021-09-06 14:00:00,BTC/EUR,43381.21,43625.61,43347.75,43621.54,29.35399439,1280466.4404431607
1630933200,2021-09-06 13:00:00,BTC/EUR,43300.70,43426.98,43134.22,43406.68,29.00067419,1258822.9843495893
1630929600,2021-09-06 12:00:00,BTC/EUR,43328.36,43471.82,43004.71,43308.45,76.32026155,3305312.2313250974
1630926000,2021-09-06 11:00:00,BTC/EUR,43662.13,44000.00,43260.92,43319.48,101.57436472,4400148.661000746
1630922400,2021-09-06 10:00:00,BTC/EUR,43717.76,43739.91,43608.56,43679.85,51.97486435,2270254.2785783475
1630918800,2021-09-06 09:00:00,BTC/EUR,43565.12,43772.72,43538.18,43718.47,30.27590822,1323616.3852388235
1630915200,2021-09-06 08:00:00,BTC/EUR,43672.22,43672.22,43519.61,43587.79,27.00285680,1176994.851598472
1630911600,2021-09-06 07:00:00,BTC/EUR,43699.00,43835.40,43576.20,43681.00,30.11101932,1315279.43491692
1630908000,2021-09-06 06:00:00,BTC/EUR,43579.78,43735.69,43558.98,43698.02,34.20082704,1494508.4240104607
1630904400,2021-09-06 05:00:00,BTC/EUR,43545.72,43624.86,43453.58,43600.34,12.48504441,544352.1811910993
1630900800,2021-09-06 04:00:00,BTC/EUR,43479.12,43562.82,43443.90,43554.03,5.88047845,256118.5348256535
1630897200,2021-09-06 03:00:00,BTC/EUR,43497.60,43577.04,43342.38,43419.30,5.96554406,259019.74720435802
1630893600,2021-09-06 02:00:00,BTC/EUR,43591.60,43636.86,43467.45,43504.57,1.56537504,68100.9680039328
1630890000,2021-09-06 01:00:00,BTC/EUR,43556.80,43677.93,43442.13,43599.95,3.96439361,172847.3631763195
1630886400,2021-09-06 00:00:00,BTC/EUR,43496.96,43638.45,43308.57,43507.61,17.53598238,762948.6823559118
1630882800,2021-09-05 23:00:00,BTC/EUR,43624.52,43628.86,43384.28,43523.18,9.60841096,418188.59972605284
1630879200,2021-09-05 22:00:00,BTC/EUR,43459.00,43648.97,43354.50,43579.59,20.99846583,915104.5315004097
1630875600,2021-09-05 21:00:00,BTC/EUR,43433.71,43554.99,43247.82,43459.49,63.73676434,2769967.2724665864
1630872000,2021-09-05 20:00:00,BTC/EUR,42664.48,43468.95,42589.56,43451.88,149.02119769,6475251.199482157
1630868400,2021-09-05 19:00:00,BTC/EUR,42376.47,42782.83,42354.80,42616.58,47.32378408,2016777.8301480466
1630864800,2021-09-05 18:00:00,BTC/EUR,42312.20,42433.15,42254.28,42376.47,7.63987897,323751.1019758359
1630861200,2021-09-05 17:00:00,BTC/EUR,42378.70,42435.59,42279.69,42322.09,8.75829312,370669.26967102074
1630857600,2021-09-05 16:00:00,BTC/EUR,42251.13,42414.26,42177.75,42351.87,12.50128507,529452.8001175809
1630854000,2021-09-05 15:00:00,BTC/EUR,42286.21,42387.16,42138.03,42251.13,17.34556904,732869.8924330152
1630850400,2021-09-05 14:00:00,BTC/EUR,42258.07,42489.65,42201.47,42286.21,15.47187656,654247.0213102376
1630846800,2021-09-05 13:00:00,BTC/EUR,42179.80,42313.37,42126.39,42253.32,9.35691833,395360.8644113556
1630843200,2021-09-05 12:00:00,BTC/EUR,42261.97,42332.52,42104.19,42203.03,4.71672019,199059.8836801757
1630839600,2021-09-05 11:00:00,BTC/EUR,42111.14,42437.40,42007.91,42277.41,15.74760361,665767.8943374502
1630836000,2021-09-05 10:00:00,BTC/EUR,42226.00,42330.42,42060.76,42117.16,6.92591509,291699.8739919444
1630832400,2021-09-05 09:00:00,BTC/EUR,42252.04,42320.05,42151.87,42224.24,11.95903721,504961.2573239704
1630828800,2021-09-05 08:00:00,BTC/EUR,42025.86,42283.92,41987.71,42283.92,10.64769697,450226.3668637224
1630825200,2021-09-05 07:00:00,BTC/EUR,42021.46,42173.78,41960.10,42009.82,8.02091865,336957.34872114303
1630821600,2021-09-05 06:00:00,BTC/EUR,41868.67,42039.88,41682.11,42032.39,18.89437236,794175.6278407404
1630818000,2021-09-05 05:00:00,BTC/EUR,41991.97,42015.70,41785.93,41862.85,6.00565129,251413.6791055765
1630814400,2021-09-05 04:00:00,BTC/EUR,41843.84,42017.25,41832.34,41995.59,5.15950238,216676.34655450418
1630810800,2021-09-05 03:00:00,BTC/EUR,42191.31,42218.77,41843.89,41866.76,7.97087107,333714.5460786332
1630807200,2021-09-05 02:00:00,BTC/EUR,42156.97,42330.20,42141.71,42199.47,3.33618080,140785.061584176
1630803600,2021-09-05 01:00:00,BTC/EUR,42240.47,42247.77,42037.66,42168.96,3.01108373,126974.26936702081
1630800000,2021-09-05 00:00:00,BTC/EUR,42054.93,42293.66,41919.00,42225.53,5.66071367,239026.6348939951
1630796400,2021-09-04 23:00:00,BTC/EUR,41972.05,42143.71,41903.68,42051.68,4.92844120,207249.232241216
1630792800,2021-09-04 22:00:00,BTC/EUR,42324.64,42362.09,41983.88,42010.55,10.86728270,456540.52323248505
1630789200,2021-09-04 21:00:00,BTC/EUR,42262.34,42337.04,42174.17,42297.15,11.15885071,471987.5823084765
1630785600,2021-09-04 20:00:00,BTC/EUR,42101.52,42319.32,42096.42,42256.48,35.16107990,1485783.469572752
1630782000,2021-09-04 19:00:00,BTC/EUR,42033.34,42127.70,41827.53,42104.90,28.28455396,1190918.316030404
1630778400,2021-09-04 18:00:00,BTC/EUR,42113.13,42166.89,42021.20,42037.52,16.66518881,700563.2079041512
1630774800,2021-09-04 17:00:00,BTC/EUR,41987.06,42111.83,41615.44,42092.10,61.81366655,2601867.0337892547
1630771200,2021-09-04 16:00:00,BTC/EUR,42010.67,42162.68,41882.54,41959.83,16.57476698,695474.4047704134
1630767600,2021-09-04 15:00:00,BTC/EUR,42091.46,42240.00,41910.50,42027.53,24.89651903,1046339.2004288959
1630764000,2021-09-04 14:00:00,BTC/EUR,42301.60,42312.18,41994.06,42116.47,10.48033761,441394.8245414367
1630760400,2021-09-04 13:00:00,BTC/EUR,42321.77,42380.24,42177.76,42302.88,8.27213010,349934.926964688
1630756800,2021-09-04 12:00:00,BTC/EUR,42076.90,42410.59,42070.80,42324.49,9.15339383,387412.7256238967
1630753200,2021-09-04 11:00:00,BTC/EUR,41982.84,42200.15,41899.00,42081.21,34.77856428,1463524.0669651786
1630749600,2021-09-04 10:00:00,BTC/EUR,42514.15,42590.55,41966.72,41966.72,53.47482719,2244163.099731117
1630746000,2021-09-04 09:00:00,BTC/EUR,42210.00,42514.17,42166.06,42498.68,12.81833845,544762.463918246
1630742400,2021-09-04 08:00:00,BTC/EUR,42293.19,42325.00,42089.60,42211.09,14.79503977,624514.7552850493
1630738800,2021-09-04 07:00:00,BTC/EUR,42391.78,42496.84,42230.32,42291.19,11.90351421,503413.78112281
1630735200,2021-09-04 06:00:00,BTC/EUR,42347.28,42411.54,42254.25,42406.63,13.57432245,575641.2696378435
1630731600,2021-09-04 05:00:00,BTC/EUR,42374.12,42417.26,42237.84,42356.96,20.51215731,868832.6266933775
1630728000,2021-09-04 04:00:00,BTC/EUR,42328.72,42486.98,42294.72,42381.92,11.42490404,484209.36903095676
1630724400,2021-09-04 03:00:00,BTC/EUR,42174.63,42395.59,42121.27,42344.19,29.42346626,1245912.8457720296
1630720800,2021-09-04 02:00:00,BTC/EUR,41794.71,42185.49,41773.46,42172.84,3.29670468,139031.3989968912
1630717200,2021-09-04 01:00:00,BTC/EUR,42028.32,42028.32,41740.37,41834.52,3.13910307,131322.8701639764
1630713600,2021-09-04 00:00:00,BTC/EUR,42093.90,42196.62,41826.62,42028.76,4.96648027,208735.0073125652
1630710000,2021-09-03 23:00:00,BTC/EUR,41825.05,42128.14,41720.96,42093.85,10.13121326,426461.771284451
1630706400,2021-09-03 22:00:00,BTC/EUR,42275.08,42284.24,41733.82,41798.55,64.17362021,2682364.2730286955
1630702800,2021-09-03 21:00:00,BTC/EUR,42215.53,42303.48,42117.39,42303.08,10.07502476,426204.57842426084
1630699200,2021-09-03 20:00:00,BTC/EUR,42515.44,42545.23,42151.08,42220.25,13.79291811,582340.4508337275
1630695600,2021-09-03 19:00:00,BTC/EUR,42437.44,42542.50,42300.00,42542.50,10.77132607,458239.139332975
1630692000,2021-09-03 18:00:00,BTC/EUR,42356.64,42523.35,42228.95,42424.80,32.81746620,1392274.44004176
1630688400,2021-09-03 17:00:00,BTC/EUR,42478.15,42545.63,42304.64,42358.06,16.61645682,703840.8749689691
1630684800,2021-09-03 16:00:00,BTC/EUR,42555.48,42693.62,42464.99,42467.78,17.95334677,762438.7808920706
1630681200,2021-09-03 15:00:00,BTC/EUR,42665.74,42789.65,42524.32,42544.40,30.49155348,1297244.847874512
1630677600,2021-09-03 14:00:00,BTC/EUR,42650.45,42949.99,42286.31,42657.39,75.47883942,3219730.289886314
1630674000,2021-09-03 13:00:00,BTC/EUR,42619.85,42817.01,42530.92,42640.62,61.79658073,2635044.5162072526
1630670400,2021-09-03 12:00:00,BTC/EUR,42282.97,42806.97,41993.13,42612.80,222.99053777,9502251.187885458
1630666800,2021-09-03 11:00:00,BTC/EUR,42015.62,42335.49,41720.96,42300.73,39.38879124,1666174.6232696055
1630663200,2021-09-03 10:00:00,BTC/EUR,42192.54,42517.90,41792.64,42018.18,118.55717950,4981556.90852331
1630659600,2021-09-03 09:00:00,BTC/EUR,42106.62,42235.59,41959.82,42192.54,65.00984347,2742930.421001714
1630656000,2021-09-03 08:00:00,BTC/EUR,41522.49,42113.14,41462.26,42091.27,112.42415193,4732075.33340665
1630652400,2021-09-03 07:00:00,BTC/EUR,41612.03,41721.00,41450.03,41522.49,49.06326501,2037228.930745075
1630648800,2021-09-03 06:00:00,BTC/EUR,41620.54,41775.80,41536.64,41603.28,27.06321137,1125918.3603252936
1630645200,2021-09-03 05:00:00,BTC/EUR,41871.00,41881.00,41570.62,41650.32,28.32967429,1179939.9996742727
1630641600,2021-09-03 04:00:00,BTC/EUR,41686.78,41882.54,41601.47,41847.88,23.40796224,979573.5948640511
1630638000,2021-09-03 03:00:00,BTC/EUR,41248.65,41680.27,41208.63,41680.27,31.37850888,1307864.7223157973
1630634400,2021-09-03 02:00:00,BTC/EUR,40884.17,41265.16,40850.20,41250.75,17.59009283,725604.5218071225
1630630800,2021-09-03 01:00:00,BTC/EUR,40937.35,41022.07,40716.80,40893.18,24.65937830,1008400.395509994
1630627200,2021-09-03 00:00:00,BTC/EUR,41482.63,41595.42,40850.00,40968.78,67.36060854,2759681.951941381
1630623600,2021-09-02 23:00:00,BTC/EUR,41875.11,41875.11,41495.58,41525.77,9.33283126,387553.0043515702
1630620000,2021-09-02 22:00:00,BTC/EUR,41997.06,41997.06,41822.40,41874.06,5.35904665,224405.04096489897
1630616400,2021-09-02 21:00:00,BTC/EUR,41752.31,41999.99,41708.80,41966.52,9.89962619,415452.86049515876
1630612800,2021-09-02 20:00:00,BTC/EUR,41569.57,41812.24,41497.28,41719.36,7.06113950,294586.22081072
1630609200,2021-09-02 19:00:00,BTC/EUR,41587.43,41641.30,41461.21,41558.54,15.08837819,627050.9685442427
1630605600,2021-09-02 18:00:00,BTC/EUR,41721.00,41754.40,41432.91,41583.12,21.20990566,881974.0522484593
1630602000,2021-09-02 17:00:00,BTC/EUR,41795.72,41809.43,41505.09,41720.47,29.09201213,1213732.419309301
1630598400,2021-09-02 16:00:00,BTC/EUR,41801.59,41940.35,41667.95,41755.70,29.15024419,1217188.851324383
1630594800,2021-09-02 15:00:00,BTC/EUR,41724.54,41956.50,41532.41,41801.58,73.84501956,3086838.492738905
1630591200,2021-09-02 14:00:00,BTC/EUR,42267.86,42500.00,41624.09,41726.74,139.75336273,5831452.230760399
1630587600,2021-09-02 13:00:00,BTC/EUR,42187.09,42345.37,42141.32,42267.86,29.82261831,1260538.2555605166
1630584000,2021-09-02 12:00:00,BTC/EUR,42233.43,42366.00,42081.39,42213.35,51.35597998,2167907.957488733
1630580400,2021-09-02 11:00:00,BTC/EUR,42184.74,42290.00,42043.00,42255.70,77.02379188,3254694.242543716
1630576800,2021-09-02 10:00:00,BTC/EUR,42015.00,42200.00,41919.24,42180.95,146.99008353,6200181.363874753
1630573200,2021-09-02 09:00:00,BTC/EUR,42295.76,42332.72,41956.32,42015.00,95.13264483,3996998.0725324503
1630569600,2021-09-02 08:00:00,BTC/EUR,42060.45,42381.88,42000.00,42309.23,109.06375970,4614403.693812031
1630566000,2021-09-02 07:00:00,BTC/EUR,42190.48,42510.29,41918.57,42084.29,124.33386096,5232502.261460318
1630562400,2021-09-02 06:00:00,BTC/EUR,41738.66,42235.62,41724.81,42196.52,41.80859551,1764177.2366096252
1630558800,2021-09-02 05:00:00,BTC/EUR,41742.37,41980.00,41710.08,41752.27,18.53719140,773969.820374478
1630555200,2021-09-02 04:00:00,BTC/EUR,41921.90,41936.96,41659.52,41742.28,23.81143415,993943.5514908619
1630551600,2021-09-02 03:00:00,BTC/EUR,41868.01,41980.00,41863.61,41886.99,9.19490116,385146.7329399084
1630548000,2021-09-02 02:00:00,BTC/EUR,41966.10,42122.20,41865.27,41893.16,64.18833050,2689051.9997693803
1630544400,2021-09-02 01:00:00,BTC/EUR,41204.21,42040.78,41107.24,41977.39,129.86082594,5451218.536205497
1630540800,2021-09-02 00:00:00,BTC/EUR,41235.70,41346.87,41056.49,41204.17,23.40032070,964190.7921773191
1630537200,2021-09-01 23:00:00,BTC/EUR,40878.83,41274.14,40878.83,41243.36,21.32561323,879539.9436656528
1630533600,2021-09-01 22:00:00,BTC/EUR,40880.14,41167.05,40760.96,40862.73,20.66187514,844300.6251395323
1630530000,2021-09-01 21:00:00,BTC/EUR,40725.33,40986.59,40725.33,40912.52,17.72539807,725190.7030468364
1630526400,2021-09-01 20:00:00,BTC/EUR,40679.90,40826.00,40635.11,40749.22,8.94008469,364301.4778514418
1630522800,2021-09-01 19:00:00,BTC/EUR,41072.39,41091.55,40560.71,40676.52,78.40866074,3189391.4567638244
1630519200,2021-09-01 18:00:00,BTC/EUR,41219.85,41299.71,41045.51,41072.39,33.89931778,1392326.0005940942
1630515600,2021-09-01 17:00:00,BTC/EUR,40943.19,41460.00,40789.52,41141.13,92.34810041,3799305.204220863
1630512000,2021-09-01 16:00:00,BTC/EUR,40121.38,40992.15,40002.80,40934.88,138.69900048,5677626.940768742
1630508400,2021-09-01 15:00:00,BTC/EUR,39920.82,40144.05,39920.82,40100.00,30.32824258,1216162.527458
1630504800,2021-09-01 14:00:00,BTC/EUR,40100.38,40261.90,39920.82,39920.82,62.08505699,2478486.3847875316
1630501200,2021-09-01 13:00:00,BTC/EUR,40345.05,40401.00,40061.66,40127.05,32.80373516,1316317.1209520781
1630497600,2021-09-01 12:00:00,BTC/EUR,40395.60,40493.48,40280.84,40353.30,32.23514357,1300794.419023281
1630494000,2021-09-01 11:00:00,BTC/EUR,40236.30,40441.96,40212.09,40421.22,32.02318218,1294416.0919978595
1630490400,2021-09-01 10:00:00,BTC/EUR,40358.31,40422.68,40217.33,40236.30,22.38080211,900520.6679385931
1630486800,2021-09-01 09:00:00,BTC/EUR,40103.65,40388.93,40068.91,40356.11,37.58220554,1516671.6208148494
1630483200,2021-09-01 08:00:00,BTC/EUR,39981.68,40190.05,39909.57,40120.37,23.51962348,943615.9962782876
1630479600,2021-09-01 07:00:00,BTC/EUR,40088.51,40203.53,39925.12,39970.08,22.82053441,912138.5860104528
1630476000,2021-09-01 06:00:00,BTC/EUR,40220.15,40257.36,40025.08,40064.97,29.84325187,1195668.9908739938
1630472400,2021-09-01 05:00:00,BTC/EUR,39973.63,40257.36,39912.05,40222.34,34.19325593,1375332.765723476
1630468800,2021-09-01 04:00:00,BTC/EUR,39860.95,40038.52,39796.69,39944.23,17.20703575,687321.7936162226
1630465200,2021-09-01 03:00:00,BTC/EUR,39722.48,39874.84,39560.40,39860.95,6.59861488,263027.057800936
1630461600,2021-09-01 02:00:00,BTC/EUR,39689.88,39894.70,39615.90,39754.02,3.86783781,153762.1016554962
1630458000,2021-09-01 01:00:00,BTC/EUR,39620.87,39720.01,39413.66,39719.23,27.47262617,1091191.5575502492
1630454400,2021-09-01 00:00:00,BTC/EUR,39900.91,40097.00,39571.28,39626.90,23.08149599,914648.133446131
1630450800,2021-08-31 23:00:00,BTC/EUR,39876.23,40103.78,39812.86,39913.00,7.91200896,315792.01362047996
1630447200,2021-08-31 22:00:00,BTC/EUR,39758.43,39899.07,39593.07,39894.44,14.37032444,573296.0461521136
1630443600,2021-08-31 21:00:00,BTC/EUR,39816.19,39985.29,39666.62,39758.70,17.70393697,703885.518809139
1630440000,2021-08-31 20:00:00,BTC/EUR,40052.80,40090.20,39749.84,39799.63,24.60696485,979348.0964530054
1630436400,2021-08-31 19:00:00,BTC/EUR,40068.42,40160.81,39982.19,40102.44,14.58451599,584874.6774180157
1630432800,2021-08-31 18:00:00,BTC/EUR,39900.00,40147.28,39834.37,40081.92,19.45931132,779966.5595833344
1630429200,2021-08-31 17:00:00,BTC/EUR,40133.50,40187.48,39825.25,39920.51,51.68085235,2063125.9830466986
1630425600,2021-08-31 16:00:00,BTC/EUR,40188.42,40311.48,40053.69,40134.32,49.23553223,1976034.6058891334
1630422000,2021-08-31 15:00:00,BTC/EUR,40045.61,40228.92,39968.72,40197.64,33.78776897,1358188.5734592308
1630418400,2021-08-31 14:00:00,BTC/EUR,40495.00,40800.00,39988.03,40070.23,93.46033013,3744976.92418503
1630414800,2021-08-31 13:00:00,BTC/EUR,40421.00,40629.97,40330.23,40495.00,31.47498011,1274579.31955445
1630411200,2021-08-31 12:00:00,BTC/EUR,40541.23,40686.95,40330.23,40400.53,35.08526958,1417463.4862248774
1630407600,2021-08-31 11:00:00,BTC/EUR,40101.59,40605.92,39992.24,40496.40,72.56304794,2938542.214597416
1630404000,2021-08-31 10:00:00,BTC/EUR,40077.78,40346.22,39869.97,40099.22,39.54263276,1585628.7304224472
1630400400,2021-08-31 09:00:00,BTC/EUR,40403.32,40434.62,40053.73,40110.67,25.70541102,1031061.2586375833
1630396800,2021-08-31 08:00:00,BTC/EUR,40416.19,40582.35,40280.93,40397.17,38.67283032,1562272.9008181945
1630393200,2021-08-31 07:00:00,BTC/EUR,39767.63,40530.22,39600.00,40366.03,115.29620478,4654050.061035623
1630389600,2021-08-31 06:00:00,BTC/EUR,39881.05,39957.40,39706.87,39777.62,38.16201427,1517994.1020666375
1630386000,2021-08-31 05:00:00,BTC/EUR,39827.11,39961.69,39782.44,39874.18,24.12483773,961958.1221168113
1630382400,2021-08-31 04:00:00,BTC/EUR,39912.86,40043.72,39827.86,39827.86,17.25368021,687177.1598886505
1630378800,2021-08-31 03:00:00,BTC/EUR,39835.91,39941.82,39813.56,39912.05,10.90079520,435073.08306216
1630375200,2021-08-31 02:00:00,BTC/EUR,39720.95,39866.54,39603.48,39819.58,11.99424816,477605.92414697283
1630371600,2021-08-31 01:00:00,BTC/EUR,39694.20,39825.69,39610.41,39713.24,14.39049253,571493.0835620972
1630368000,2021-08-31 00:00:00,BTC/EUR,39829.30,39986.09,39592.56,39694.21,152.57619939,6056391.699588532
1630364400,2021-08-30 23:00:00,BTC/EUR,40363.41,40367.93,39754.10,39864.13,105.68556450,4213063.082351385
1630360800,2021-08-30 22:00:00,BTC/EUR,41003.61,41091.40,40305.67,40360.12,53.09108568,2142762.5889750817
1630357200,2021-08-30 21:00:00,BTC/EUR,41233.98,41271.14,40861.51,41003.61,20.16755727,826942.6529517447
1630353600,2021-08-30 20:00:00,BTC/EUR,41234.63,41284.11,41143.28,41224.90,47.14946889,1943732.140043361
1630350000,2021-08-30 19:00:00,BTC/EUR,41120.64,41234.59,40987.42,41230.27,56.84697939,2343816.3089341354
1630346400,2021-08-30 18:00:00,BTC/EUR,40968.44,41133.77,40849.68,41101.80,37.17667038,1528028.070624684
1630342800,2021-08-30 17:00:00,BTC/EUR,40878.76,40988.11,40765.12,40988.11,21.25640014,871259.6671423354
1630339200,2021-08-30 16:00:00,BTC/EUR,40760.43,40873.39,40687.70,40862.55,15.45359185,631473.1696502175
1630335600,2021-08-30 15:00:00,BTC/EUR,40405.08,40803.70,40405.08,40765.45,32.76256043,1335580.5190811434
1630332000,2021-08-30 14:00:00,BTC/EUR,40547.29,40664.31,40421.95,40426.09,26.73532636,1080804.7096087323
1630328400,2021-08-30 13:00:00,BTC/EUR,40403.12,40545.02,40200.00,40545.02,25.95445225,1052323.7855652948
1630324800,2021-08-30 12:00:00,BTC/EUR,40640.69,40645.73,40278.86,40404.41,79.91824982,3229049.7322097067
1630321200,2021-08-30 11:00:00,BTC/EUR,40748.90,40749.45,40403.50,40640.69,36.88831358,1499166.5168275703
1630317600,2021-08-30 10:00:00,BTC/EUR,40638.60,40781.36,40537.21,40723.76,33.77531271,1375457.7287269898
1630314000,2021-08-30 09:00:00,BTC/EUR,40778.31,40825.91,40627.13,40638.43,22.85514848,928797.3516440864
1630310400,2021-08-30 08:00:00,BTC/EUR,40657.32,40899.97,40564.48,40787.13,47.92177545,1954591.6851099583
1630306800,2021-08-30 07:00:00,BTC/EUR,40673.83,40734.80,40480.88,40662.30,44.32068158,1802180.850610434
1630303200,2021-08-30 06:00:00,BTC/EUR,40680.00,40808.31,40402.46,40657.03,41.75230865,1697524.8653523095
1630299600,2021-08-30 05:00:00,BTC/EUR,40585.67,40726.68,40500.00,40702.74,14.65457623,596481.4060998702
1630296000,2021-08-30 04:00:00,BTC/EUR,40660.50,40796.10,40470.00,40585.34,30.47222883,1236725.7676233521
1630292400,2021-08-30 03:00:00,BTC/EUR,41000.00,41054.74,40517.74,40668.63,56.85416447,2312180.978789576
1630288800,2021-08-30 02:00:00,BTC/EUR,41099.60,41212.87,41012.72,41012.72,4.05133134,166156.1178746448
1630285200,2021-08-30 01:00:00,BTC/EUR,41044.78,41247.77,41019.86,41128.46,3.86396104,158918.76707519838
1630281600,2021-08-30 00:00:00,BTC/EUR,41368.78,41462.20,40961.54,40987.25,43.31198917,1775239.3281080823
1630278000,2021-08-29 23:00:00,BTC/EUR,41666.84,41792.49,41335.00,41374.53,18.61291721,770100.7014926613
1630274400,2021-08-29 22:00:00,BTC/EUR,41499.92,41882.54,41465.11,41675.14,37.03980694,1543639.1397974715
1630270800,2021-08-29 21:00:00,BTC/EUR,41519.41,41540.53,41069.42,41457.31,13.39104779,555156.8194548449
1630267200,2021-08-29 20:00:00,BTC/EUR,41422.29,41557.41,41352.68,41464.45,26.65277627,1105142.7090086015
1630263600,2021-08-29 19:00:00,BTC/EUR,41414.79,41465.63,41330.61,41385.47,15.80230173,653985.6841778631
1630260000,2021-08-29 18:00:00,BTC/EUR,41378.19,41432.91,41308.79,41373.97,10.25464505,424275.37665934855
1630256400,2021-08-29 17:00:00,BTC/EUR,41309.62,41404.30,41167.09,41401.90,5.72386422,236978.854050018
1630252800,2021-08-29 16:00:00,BTC/EUR,41155.01,41400.00,41028.22,41309.62,22.52357093,930440.1561613467
1630249200,2021-08-29 15:00:00,BTC/EUR,40921.80,41169.37,40894.36,41131.28,10.43725642,429297.71624281764
1630245600,2021-08-29 14:00:00,BTC/EUR,41025.94,41161.30,40909.10,40909.10,16.05138058,656647.533285278
1630242000,2021-08-29 13:00:00,BTC/EUR,41050.88,41204.76,40988.11,41009.63,5.69110692,233390.1890796396
1630238400,2021-08-29 12:00:00,BTC/EUR,40882.34,41121.86,40827.00,41028.84,12.22906304,501744.27081807354
1630234800,2021-08-29 11:00:00,BTC/EUR,41182.96,41237.91,40855.32,40876.93,11.42712848,467105.9309779664
1630231200,2021-08-29 10:00:00,BTC/EUR,41242.48,41289.78,41082.44,41206.92,21.20115701,873634.3808185091
1630227600,2021-08-29 09:00:00,BTC/EUR,41219.15,41243.14,41025.64,41243.14,20.27607273,836248.9062535722
1630224000,2021-08-29 08:00:00,BTC/EUR,41194.81,41300.66,41001.73,41166.05,27.61572395,1136830.2729118976
1630220400,2021-08-29 07:00:00,BTC/EUR,41139.75,41253.39,41092.04,41211.07,23.37750351,963411.9335758557
1630216800,2021-08-29 06:00:00,BTC/EUR,40967.87,41185.21,40954.53,41143.48,30.19339581,1242261.3766408188
1630213200,2021-08-29 05:00:00,BTC/EUR,40864.60,41056.56,40801.29,41020.90,11.72325023,480898.275359807
1630209600,2021-08-29 04:00:00,BTC/EUR,40921.07,40976.46,40548.08,40867.45,27.27270032,1114565.7166925839
1630206000,2021-08-29 03:00:00,BTC/EUR,41184.97,41271.76,40800.00,40948.59,34.78883798,1424553.863019448
1630202400,2021-08-29 02:00:00,BTC/EUR,41855.10,41863.40,41085.26,41173.44,41.20614876,1696598.8936009344
1630198800,2021-08-29 01:00:00,BTC/EUR,42021.06,42064.80,41753.44,41791.00,17.08135996,713847.11408836
1630195200,2021-08-29 00:00:00,BTC/EUR,41468.99,42044.35,41340.72,41975.89,59.25062284,2487097.6267633275
1630191600,2021-08-28 23:00:00,BTC/EUR,41332.75,41466.22,41268.69,41454.56,3.31087970,137251.061176432
1630188000,2021-08-28 22:00:00,BTC/EUR,41517.81,41546.25,41278.86,41321.09,7.63551278,315507.71077853016
1630184400,2021-08-28 21:00:00,BTC/EUR,41334.61,41535.79,41280.91,41523.45,7.32139112,304009.418101764
1630180800,2021-08-28 20:00:00,BTC/EUR,41253.00,41330.13,41202.29,41314.27,4.39768960,181687.33551059198
1630177200,2021-08-28 19:00:00,BTC/EUR,41380.13,41382.78,41155.58,41253.60,11.22854606,463217.94774081593
1630173600,2021-08-28 18:00:00,BTC/EUR,41562.49,41649.23,41345.60,41362.87,7.89187428,326430.5698999836
1630170000,2021-08-28 17:00:00,BTC/EUR,41537.95,41610.34,41480.30,41571.64,13.91822292,578603.3526699888
1630166400,2021-08-28 16:00:00,BTC/EUR,41400.00,41695.79,41309.01,41540.03,31.86193369,1323545.6813406106
1630162800,2021-08-28 15:00:00,BTC/EUR,41247.92,41397.79,41115.66,41380.88,20.45914048,846617.2371060223
1630159200,2021-08-28 14:00:00,BTC/EUR,41312.25,41330.96,41007.18,41238.35,55.93206101,2306545.908151733
1630155600,2021-08-28 13:00:00,BTC/EUR,41466.58,41495.65,41301.70,41358.60,13.33389362,551471.1726721319
1630152000,2021-08-28 12:00:00,BTC/EUR,41300.84,41533.64,41185.21,41466.70,47.06829688,1951766.9462338958
1630148400,2021-08-28 11:00:00,BTC/EUR,41433.57,41481.43,41257.03,41306.50,11.06267192,456960.25766348
1630144800,2021-08-28 10:00:00,BTC/EUR,41516.23,41549.25,41416.85,41416.85,14.04486787,581694.1858416095
1630141200,2021-08-28 09:00:00,BTC/EUR,41490.00,41631.78,41457.61,41492.88,23.72184091,984287.4982577207
1630137600,2021-08-28 08:00:00,BTC/EUR,41518.98,41631.31,41486.02,41515.66,14.11674725,586066.0791369351
1630134000,2021-08-28 07:00:00,BTC/EUR,41557.98,41572.19,41409.90,41509.45,10.89599260,452286.66003006994
1630130400,2021-08-28 06:00:00,BTC/EUR,41485.56,41629.60,41278.45,41540.23,24.06970141,999860.9326027244
1630126800,2021-08-28 05:00:00,BTC/EUR,41534.70,41611.19,41466.72,41466.72,3.71890841,154210.9337431152
1630123200,2021-08-28 04:00:00,BTC/EUR,41475.39,41654.74,41475.39,41550.62,5.31946573,221027.09915025262
1630119600,2021-08-28 03:00:00,BTC/EUR,41529.81,41621.82,41458.50,41479.54,7.48848610,310618.95872439403
1630116000,2021-08-28 02:00:00,BTC/EUR,41693.18,41693.18,41453.80,41552.08,6.62794443,275404.8771909144
1630112400,2021-08-28 01:00:00,BTC/EUR,41767.21,41795.59,41613.55,41708.39,13.56779031,565890.6896877008
1630108800,2021-08-28 00:00:00,BTC/EUR,41579.02,41792.71,41407.55,41748.87,27.97266114,1167826.9934879118
1630105200,2021-08-27 23:00:00,BTC/EUR,41559.75,41650.00,41454.75,41610.40,16.78614973,698478.4047251921
1630101600,2021-08-27 22:00:00,BTC/EUR,41553.90,41596.27,41321.91,41548.54,17.76672290,738181.397079566
1630098000,2021-08-27 21:00:00,BTC/EUR,41521.30,41624.92,41431.13,41534.28,14.63653632,607917.9977450495
1630094400,2021-08-27 20:00:00,BTC/EUR,40986.88,41700.00,40855.57,41466.27,103.01223204,4271533.02707329
1630090800,2021-08-27 19:00:00,BTC/EUR,41001.53,41185.21,40945.84,40985.51,17.29113436,708685.9602231237
1630087200,2021-08-27 18:00:00,BTC/EUR,40866.30,41046.58,40825.86,41021.54,16.78353959,688486.6406327686
1630083600,2021-08-27 17:00:00,BTC/EUR,40884.26,41015.20,40840.06,40865.72,18.48712285,755489.5859937019
1630080000,2021-08-27 16:00:00,BTC/EUR,40923.95,40978.85,40724.04,40888.32,20.50374474,838363.6761274367
1630076400,2021-08-27 15:00:00,BTC/EUR,40871.53,41135.81,40871.53,40890.57,55.12343604,2254028.720034143
1630072800,2021-08-27 14:00:00,BTC/EUR,40239.24,40938.97,40162.70,40894.99,107.93658261,4414065.466470124
1630069200,2021-08-27 13:00:00,BTC/EUR,40315.11,40321.36,40082.93,40235.73,41.20547684,1657932.4406554934
1630065600,2021-08-27 12:00:00,BTC/EUR,40379.25,40449.37,40191.24,40294.24,33.15449707,1335935.2620178766
1630062000,2021-08-27 11:00:00,BTC/EUR,40371.45,40645.46,40289.26,40407.70,89.99682533,3636564.7188870404
1630058400,2021-08-27 10:00:00,BTC/EUR,40190.17,40437.39,40164.48,40371.60,51.54810997,2081079.676464852
1630054800,2021-08-27 09:00:00,BTC/EUR,40175.49,40293.21,40026.82,40190.17,27.56020452,1107649.3048935684
1630051200,2021-08-27 08:00:00,BTC/EUR,40391.22,40497.46,40141.67,40175.49,44.33566802,1781207.1871808297
1630047600,2021-08-27 07:00:00,BTC/EUR,40122.41,40437.24,39845.25,40382.35,62.03700733,2505200.1429526256
1630044000,2021-08-27 06:00:00,BTC/EUR,40064.75,40200.00,39994.27,40118.24,24.25256496,972970.2216808704
1630040400,2021-08-27 05:00:00,BTC/EUR,39886.45,40144.13,39851.61,40078.54,26.33206304,1055350.6418311617
1630036800,2021-08-27 04:00:00,BTC/EUR,39837.13,39961.74,39602.80,39909.84,32.66311221,1303579.5822031463
1630033200,2021-08-27 03:00:00,BTC/EUR,40171.99,40213.37,39729.77,39818.05,43.85382339,1746173.7324341896
1630029600,2021-08-27 02:00:00,BTC/EUR,40252.12,40359.68,40176.09,40190.62,7.25064755,291408.02043598105
1630026000,2021-08-27 01:00:00,BTC/EUR,40242.43,40575.22,40156.84,40239.25,48.92627827,1968756.7428760973
1630022400,2021-08-27 00:00:00,BTC/EUR,39865.09,40257.36,39463.70,40257.36,75.77866587,3050649.0322483033
1630018800,2021-08-26 23:00:00,BTC/EUR,40163.58,40342.44,39850.00,39881.00,14.14383684,564070.35701604
1630015200,2021-08-26 22:00:00,BTC/EUR,40240.10,40364.49,40112.65,40163.68,29.49982373,1184821.4803481263
1630011600,2021-08-26 21:00:00,BTC/EUR,40057.24,40257.36,40025.64,40239.61,16.84171286,677703.9572183846
1630008000,2021-08-26 20:00:00,BTC/EUR,39930.64,40066.59,39874.05,40044.99,25.64374759,1026903.6158040741
1630004400,2021-08-26 19:00:00,BTC/EUR,40022.07,40053.28,39814.38,39958.18,19.20466297,767383.3797945946
1630000800,2021-08-26 18:00:00,BTC/EUR,39977.02,40075.31,39774.67,40020.69,19.08428418,763766.2210396843
1629997200,2021-08-26 17:00:00,BTC/EUR,39909.74,40110.89,39909.46,39985.17,24.57796840,982754.244728628
1629993600,2021-08-26 16:00:00,BTC/EUR,39830.53,40035.66,39571.60,39935.70,45.67377836,1824014.310451452
1629990000,2021-08-26 15:00:00,BTC/EUR,39906.11,40045.42,39710.59,39810.96,37.23908110,1482523.568108856
1629986400,2021-08-26 14:00:00,BTC/EUR,40201.70,40354.04,39882.90,39901.71,111.49346825,4448780.037005708
1629982800,2021-08-26 13:00:00,BTC/EUR,39967.10,40257.88,39886.17,40201.70,503.79834265,20253549.831712503
1629979200,2021-08-26 12:00:00,BTC/EUR,39831.60,40319.19,39420.00,39955.82,413.92085311,16538547.1011096
1629975600,2021-08-26 11:00:00,BTC/EUR,39935.65,40126.99,39816.03,39831.60,50.44127109,2009156.533548444
1629972000,2021-08-26 10:00:00,BTC/EUR,39803.41,40006.45,39690.11,39921.66,40.64945532,1622793.7344702315
1629968400,2021-08-26 09:00:00,BTC/EUR,39928.27,40021.87,39760.00,39768.17,55.08862767,2190773.910247264
1629964800,2021-08-26 08:00:00,BTC/EUR,39880.75,40077.05,39740.15,39928.27,62.26923158,2486302.6912187664
1629961200,2021-08-26 07:00:00,BTC/EUR,39899.20,39981.41,39600.00,39874.82,89.38422295,3564179.8009711187
1629957600,2021-08-26 06:00:00,BTC/EUR,40031.69,40223.47,39790.64,39924.81,108.49289859,4331558.362555018
1629954000,2021-08-26 05:00:00,BTC/EUR,40739.86,40884.87,39848.00,40017.17,149.08221880,5965848.493696796
1629950400,2021-08-26 04:00:00,BTC/EUR,40741.01,40815.83,40500.00,40716.03,42.02634884,1711146.0801599051
1629946800,2021-08-26 03:00:00,BTC/EUR,41424.65,41424.65,40694.23,40739.61,68.78585099,2802308.742850714
1629943200,2021-08-26 02:00:00,BTC/EUR,41418.03,41535.06,41366.69,41428.52,9.75904246,404302.68573495914
1629939600,2021-08-26 01:00:00,BTC/EUR,41916.25,41926.76,41423.45,41423.45,10.00682016,414517.014556752
1629936000,2021-08-26 00:00:00,BTC/EUR,41606.15,41945.82,41501.53,41916.46,14.70544853,616400.3450898038
1629932400,2021-08-25 23:00:00,BTC/EUR,41579.93,41726.10,41497.70,41618.04,3.03921157,126486.0286887228
1629928800,2021-08-25 22:00:00,BTC/EUR,41720.00,41843.68,41482.92,41500.21,13.79074391,572318.7683212211
1629925200,2021-08-25 21:00:00,BTC/EUR,41404.70,41720.00,41380.84,41705.49,7.77177838,324125.82550930616
1629921600,2021-08-25 20:00:00,BTC/EUR,41410.08,41681.85,41321.21,41408.44,8.52148724,352861.49308830564
1629918000,2021-08-25 19:00:00,BTC/EUR,41638.97,41796.07,41277.25,41349.99,16.82273099,695619.7582091901
1629914400,2021-08-25 18:00:00,BTC/EUR,41562.47,41700.26,41488.47,41598.90,19.24558017,800594.9649338131
1629910800,2021-08-25 17:00:00,BTC/EUR,41476.05,41746.78,41317.01,41544.15,38.70428443,1607936.5980025847
1629907200,2021-08-25 16:00:00,BTC/EUR,41558.37,41566.89,41352.64,41453.23,40.90276280,1695551.633983844
1629903600,2021-08-25 15:00:00,BTC/EUR,41280.96,41596.53,41145.05,41543.41,58.67438042,2437533.842284032
1629900000,2021-08-25 14:00:00,BTC/EUR,40605.94,41310.93,40296.80,41280.96,106.61765781,4401279.267348297
1629896400,2021-08-25 13:00:00,BTC/EUR,40763.50,40828.18,40559.49,40605.93,42.27083090,1716446.400567237
1629892800,2021-08-25 12:00:00,BTC/EUR,40555.01,40782.06,40439.07,40763.59,38.27275353,1560134.8330679727
1629889200,2021-08-25 11:00:00,BTC/EUR,40445.13,40616.79,40360.12,40531.21,77.37568392,3136130.093855143
1629885600,2021-08-25 10:00:00,BTC/EUR,40232.97,40537.49,40179.53,40453.28,31.52064867,1275113.6264291375
1629882000,2021-08-25 09:00:00,BTC/EUR,40265.52,40485.04,40137.00,40235.99,61.40415359,2470656.909805704
1629878400,2021-08-25 08:00:00,BTC/EUR,41048.81,41079.18,40210.04,40262.44,113.80552161,4582087.985491329
1629874800,2021-08-25 07:00:00,BTC/EUR,41219.11,41343.60,40960.00,41030.59,31.62976288,1297787.8325264992
1629871200,2021-08-25 06:00:00,BTC/EUR,41378.47,41441.07,41176.62,41219.25,16.54243516,681866.77046883
1629867600,2021-08-25 05:00:00,BTC/EUR,40960.81,41374.93,40960.81,41355.08,29.52088066,1220838.3813647528
1629864000,2021-08-25 04:00:00,BTC/EUR,40906.97,41107.16,40803.69,40915.04,8.58096859,351090.6730985936
1629860400,2021-08-25 03:00:00,BTC/EUR,41078.87,41156.74,40885.67,40914.21,5.58644121,228564.8288185941
1629856800,2021-08-25 02:00:00,BTC/EUR,41041.51,41159.49,40947.96,41090.08,13.09844751,538216.2560617008
1629853200,2021-08-25 01:00:00,BTC/EUR,40920.89,41037.30,40665.00,41037.30,8.23612326,337988.261057598
1629849600,2021-08-25 00:00:00,BTC/EUR,40618.71,40988.39,40596.45,40950.82,14.81168673,606550.7171766186
1629846000,2021-08-24 23:00:00,BTC/EUR,41149.74,41171.39,40530.77,40638.19,48.30573977,1963057.8308638164
1629842400,2021-08-24 22:00:00,BTC/EUR,41021.37,41166.05,40943.87,41145.47,10.16504675,418245.6261007225
1629838800,2021-08-24 21:00:00,BTC/EUR,41147.89,41189.80,40825.09,41026.36,19.75044532,810288.8798586352
1629835200,2021-08-24 20:00:00,BTC/EUR,41075.15,41203.35,40897.22,41121.79,72.83207360,2994985.235843744
1629831600,2021-08-24 19:00:00,BTC/EUR,40988.47,41221.50,40798.42,41045.11,48.66705012,1997544.4255509132
1629828000,2021-08-24 18:00:00,BTC/EUR,40910.65,41063.06,40731.95,41004.36,37.87078390,1552867.256517804
1629824400,2021-08-24 17:00:00,BTC/EUR,40828.16,41152.34,40732.24,40914.81,118.27708915,4839284.629925311
1629820800,2021-08-24 16:00:00,BTC/EUR,41141.43,41219.25,40600.00,40834.68,162.47347119,6634552.204532869
1629817200,2021-08-24 15:00:00,BTC/EUR,41264.59,41355.96,41051.20,41127.17,57.39445797,2360471.6299900445
1629813600,2021-08-24 14:00:00,BTC/EUR,41398.59,41428.73,41135.85,41281.00,75.78939799,3128662.13842519
1629810000,2021-08-24 13:00:00,BTC/EUR,42014.64,42060.39,41237.56,41424.20,135.53931303,5614607.610817325
1629806400,2021-08-24 12:00:00,BTC/EUR,42167.96,42179.25,41809.41,42016.47,58.03551892,2438447.6396366125
1629802800,2021-08-24 11:00:00,BTC/EUR,42035.80,42176.90,41832.34,42156.14,38.68372270,1630756.429862378
1629799200,2021-08-24 10:00:00,BTC/EUR,42333.90,42481.40,41983.12,42031.42,35.71699869,1501236.1730788397
1629795600,2021-08-24 09:00:00,BTC/EUR,42401.74,42434.54,42218.57,42288.79,32.85186002,1389265.4094951756
1629792000,2021-08-24 08:00:00,BTC/EUR,42441.93,42500.00,42239.12,42406.57,40.91155883,1734918.883333513
1629788400,2021-08-24 07:00:00,BTC/EUR,42438.71,42489.03,42352.96,42446.72,29.90751440,1269475.889632768
1629784800,2021-08-24 06:00:00,BTC/EUR,42262.86,42438.72,42160.31,42438.71,35.66035793,1513379.5886874704
1629781200,2021-08-24 05:00:00,BTC/EUR,42181.28,42286.31,42118.19,42229.57,16.07788927,678962.3503797139
1629777600,2021-08-24 04:00:00,BTC/EUR,42068.20,42243.94,41916.50,42157.90,26.79925788,1129800.433779252
1629774000,2021-08-24 03:00:00,BTC/EUR,41935.06,42086.28,41934.86,42048.01,18.09027365,760660.0073379365
1629770400,2021-08-24 02:00:00,BTC/EUR,41783.20,41959.99,41781.43,41895.46,7.92458953,332004.32367053383
1629766800,2021-08-24 01:00:00,BTC/EUR,41940.04,41962.71,41553.34,41755.58,34.21070398,1428487.7868932083
1629763200,2021-08-24 00:00:00,BTC/EUR,42122.31,42308.29,41745.20,41907.09,27.07268825,1134537.5830346923
1629759600,2021-08-23 23:00:00,BTC/EUR,42278.43,42337.05,42122.11,42192.53,4.53718397,191435.2707697441
1629756000,2021-08-23 22:00:00,BTC/EUR,42222.60,42293.79,42067.48,42289.21,11.93036844,504525.8563365324
1629752400,2021-08-23 21:00:00,BTC/EUR,42164.97,42251.84,42010.48,42194.50,12.10697326,510847.68321907
1629748800,2021-08-23 20:00:00,BTC/EUR,41916.00,42170.61,41751.58,42168.60,36.13291889,1523674.603504854
1629745200,2021-08-23 19:00:00,BTC/EUR,42108.58,42108.58,41782.74,41916.96,61.77337307,2589352.008040267
1629741600,2021-08-23 18:00:00,BTC/EUR,42098.25,42270.73,42054.83,42108.58,38.18899847,1608084.4971938727
1629738000,2021-08-23 17:00:00,BTC/EUR,42309.54,42436.38,42069.53,42087.64,50.40000360,2121217.2075155037
1629734400,2021-08-23 16:00:00,BTC/EUR,42254.72,42355.33,42042.00,42316.65,168.84917721,7145131.534783547
1629730800,2021-08-23 15:00:00,BTC/EUR,42354.38,42560.89,42050.00,42228.04,73.28463005,3094666.289136602
1629727200,2021-08-23 14:00:00,BTC/EUR,42770.95,42942.84,42338.24,42359.29,85.74563587,3632124.256051732
1629723600,2021-08-23 13:00:00,BTC/EUR,42886.95,42894.33,42700.00,42793.91,38.94920112,1666788.6073011793
1629720000,2021-08-23 12:00:00,BTC/EUR,43049.60,43099.93,42839.30,42886.95,29.26052870,1254894.831330465
1629716400,2021-08-23 11:00:00,BTC/EUR,42875.74,43104.93,42781.53,43032.09,23.78268785,1023418.7640031064
1629712800,2021-08-23 10:00:00,BTC/EUR,42947.53,43112.12,42700.00,42867.02,65.90164446,2825007.111099709
1629709200,2021-08-23 09:00:00,BTC/EUR,42841.57,42991.19,42767.94,42943.96,27.14777929,1165833.1479185882
1629705600,2021-08-23 08:00:00,BTC/EUR,42777.65,42883.74,42709.69,42846.58,44.85675979,1921958.7468830182
1629702000,2021-08-23 07:00:00,BTC/EUR,42843.73,42874.29,42158.22,42782.42,94.70694184,4051792.1627144525
1629698400,2021-08-23 06:00:00,BTC/EUR,42899.00,43010.93,42706.59,42855.67,37.35787387,1600996.7144743428
1629694800,2021-08-23 05:00:00,BTC/EUR,42964.59,43036.80,42831.03,42868.48,22.50166620,964612.227461376
1629691200,2021-08-23 04:00:00,BTC/EUR,42941.17,43023.87,42774.15,42941.65,31.55332709,1354951.9282342985
1629687600,2021-08-23 03:00:00,BTC/EUR,42759.52,42989.83,42560.48,42899.79,53.75222033,2305958.964190731
1629684000,2021-08-23 02:00:00,BTC/EUR,42569.34,42887.98,42398.94,42725.35,81.37132073,3476618.158151505
1629680400,2021-08-23 01:00:00,BTC/EUR,42278.96,42657.43,42178.44,42547.10,44.95074357,1912523.781747147
1629676800,2021-08-23 00:00:00,BTC/EUR,42145.34,42282.88,41984.76,42254.61,31.98132712,1351358.5047380233
1629673200,2021-08-22 23:00:00,BTC/EUR,42174.40,42339.00,42088.70,42171.97,43.85591744,1849490.4346021567
1629669600,2021-08-22 22:00:00,BTC/EUR,41624.96,42185.00,41600.00,42185.00,80.45775672,3394110.4672332
1629666000,2021-08-22 21:00:00,BTC/EUR,41395.43,41714.82,41284.11,41657.90,57.01969719,2375320.843571301
1629662400,2021-08-22 20:00:00,BTC/EUR,41669.26,41669.26,41284.11,41403.66,39.41025961,1631728.9894041726
1629658800,2021-08-22 19:00:00,BTC/EUR,41463.77,41718.28,41448.75,41670.28,33.22524414,1384505.2263821592
1629655200,2021-08-22 18:00:00,BTC/EUR,41700.00,41704.82,41300.00,41474.58,46.78336164,1940320.2750071115
1629651600,2021-08-22 17:00:00,BTC/EUR,41688.24,41792.00,41548.07,41698.59,23.55388377,982163.7422328842
1629648000,2021-08-22 16:00:00,BTC/EUR,41584.59,41849.11,41444.80,41654.34,42.23424452,1759239.5808792165
1629644400,2021-08-22 15:00:00,BTC/EUR,41362.21,41607.86,41200.00,41600.00,49.12594614,2043639.3594240001
1629640800,2021-08-22 14:00:00,BTC/EUR,41922.74,41977.35,41333.65,41333.65,79.47005194,3284787.312369781
1629637200,2021-08-22 13:00:00,BTC/EUR,41882.54,42018.62,41737.00,41935.21,32.41468559,1359316.6473006238
1629633600,2021-08-22 12:00:00,BTC/EUR,42105.96,42181.80,41882.54,41902.94,13.68674064,573514.6718334816
1629630000,2021-08-22 11:00:00,BTC/EUR,42141.41,42189.71,42022.11,42123.51,21.22557172,894095.5826031374
1629626400,2021-08-22 10:00:00,BTC/EUR,42208.53,42394.77,42076.45,42123.50,22.39718189,943447.691343415
1629622800,2021-08-22 09:00:00,BTC/EUR,42011.87,42226.88,42011.87,42162.19,10.16422032,428545.78833370085
1629619200,2021-08-22 08:00:00,BTC/EUR,42180.79,42250.00,41952.60,42008.37,32.04610883,1346204.7967909072
1629615600,2021-08-22 07:00:00,BTC/EUR,42160.25,42235.62,42086.19,42207.17,24.56977877,1037020.8294077808
1629612000,2021-08-22 06:00:00,BTC/EUR,42105.57,42235.62,42062.28,42164.15,8.12893178,342749.498911687
1629608400,2021-08-22 05:00:00,BTC/EUR,42082.13,42191.18,41967.78,42089.39,11.05954551,465489.5241931389
1629604800,2021-08-22 04:00:00,BTC/EUR,41829.73,42082.12,41829.73,42082.12,2.54484071,107092.29213910521
1629601200,2021-08-22 03:00:00,BTC/EUR,41825.82,41901.44,41659.52,41798.53,9.65395572,403521.15778109164
1629597600,2021-08-22 02:00:00,BTC/EUR,41975.68,41976.74,41767.05,41848.12,5.21551025,218259.29880323002
1629594000,2021-08-22 01:00:00,BTC/EUR,41914.37,42080.37,41814.89,41970.57,6.14625562,257961.8517371034
1629590400,2021-08-22 00:00:00,BTC/EUR,41806.52,41971.44,41725.16,41919.16,16.50837370,692017.1584700921
1629586800,2021-08-21 23:00:00,BTC/EUR,42296.32,42305.89,41786.83,41811.72,21.48784541,898443.7756862051
1629583200,2021-08-21 22:00:00,BTC/EUR,42131.29,42299.00,42101.88,42246.19,20.42816175,863012.0026412326
1629579600,2021-08-21 21:00:00,BTC/EUR,42018.86,42222.66,41925.64,42086.23,44.22093697,1861092.524134923
1629576000,2021-08-21 20:00:00,BTC/EUR,42001.66,42185.54,41908.43,42002.30,80.00206472,3360270.7229888565
1629572400,2021-08-21 19:00:00,BTC/EUR,42481.67,42481.67,41911.58,42010.77,139.24120915,5849630.412122545
1629568800,2021-08-21 18:00:00,BTC/EUR,42667.11,42679.17,42349.28,42472.92,53.56485035,2275055.603727522
1629565200,2021-08-21 17:00:00,BTC/EUR,42474.00,42731.16,42405.36,42651.47,55.87240236,2383040.093085469
1629561600,2021-08-21 16:00:00,BTC/EUR,42239.64,42630.11,42130.88,42463.20,94.87742689,4028799.1535154474
1629558000,2021-08-21 15:00:00,BTC/EUR,42064.86,42299.75,42027.65,42221.03,29.63003347,1251010.532037874
1629554400,2021-08-21 14:00:00,BTC/EUR,42130.33,42177.03,42006.58,42056.21,42.00738647,1766671.4669334786
1629550800,2021-08-21 13:00:00,BTC/EUR,42194.78,42337.04,42044.03,42112.39,83.85711856,3531423.6810749583
1629547200,2021-08-21 12:00:00,BTC/EUR,41626.35,42260.60,41588.65,42157.96,59.11014224,2491963.0121482303
1629543600,2021-08-21 11:00:00,BTC/EUR,42260.54,42363.87,41400.00,41636.49,121.52111077,5059712.513363997
1629540000,2021-08-21 10:00:00,BTC/EUR,41872.68,42286.31,41851.20,42243.16,45.33687891,1915173.0296957558
1629536400,2021-08-21 09:00:00,BTC/EUR,41973.42,42015.41,41840.25,41890.86,17.70516825,741684.724437195
1629532800,2021-08-21 08:00:00,BTC/EUR,42045.00,42160.59,41893.14,41967.26,204.78094837,8594095.303290367
1629529200,2021-08-21 07:00:00,BTC/EUR,41830.75,42068.68,41776.02,42025.65,36.91129613,1551221.2122057343
1629525600,2021-08-21 06:00:00,BTC/EUR,41994.11,42000.00,41762.99,41854.78,163.39114893,6838700.592412386
1629522000,2021-08-21 05:00:00,BTC/EUR,41763.62,42045.44,41718.00,41994.10,266.10784981,11174959.65570612
1629518400,2021-08-21 04:00:00,BTC/EUR,41913.38,41913.39,41700.00,41756.84,28.44411031,1187736.1631570202
1629514800,2021-08-21 03:00:00,BTC/EUR,41865.02,41970.34,41782.40,41899.55,26.33260890,1103324.463235995
1629511200,2021-08-21 02:00:00,BTC/EUR,42068.50,42098.14,41859.47,41905.86,11.76434539,492995.0109049854
1629507600,2021-08-21 01:00:00,BTC/EUR,41902.74,42068.50,41849.46,42068.50,15.21192344,639942.80123564
1629504000,2021-08-21 00:00:00,BTC/EUR,42236.86,42240.27,41800.00,41922.67,363.94356242,15257485.86595806
1629500400,2021-08-20 23:00:00,BTC/EUR,42152.85,42249.00,42000.00,42236.96,62.97383132,2659823.1945095873
1629496800,2021-08-20 22:00:00,BTC/EUR,42210.08,42235.62,41932.51,42129.25,298.65027289,12581912.009151032
1629493200,2021-08-20 21:00:00,BTC/EUR,41600.00,42235.62,41600.00,42153.68,124.10871909,5231639.229729751
1629489600,2021-08-20 20:00:00,BTC/EUR,41631.75,41761.45,41600.00,41625.09,122.58886304,5102772.457037673
1629486000,2021-08-20 19:00:00,BTC/EUR,41435.35,41693.37,41435.35,41607.98,407.56349085,16957893.576016985
1629482400,2021-08-20 18:00:00,BTC/EUR,41682.18,41719.91,41308.64,41453.39,292.24558979,12114570.409344887
1629478800,2021-08-20 17:00:00,BTC/EUR,41708.08,41821.78,41600.00,41663.62,36.68868300,1528583.34681246
1629475200,2021-08-20 16:00:00,BTC/EUR,41690.24,42000.00,41516.16,41710.86,314.21873629,13106333.718769109
1629471600,2021-08-20 15:00:00,BTC/EUR,41612.02,41703.67,41287.15,41701.66,79.37058682,3309885.2255681213
1629468000,2021-08-20 14:00:00,BTC/EUR,40954.47,41658.47,40815.68,41631.41,635.49531995,26456566.21791963
1629464400,2021-08-20 13:00:00,BTC/EUR,40403.00,40963.64,40361.13,40956.19,313.04498276,12821129.792465284
1629460800,2021-08-20 12:00:00,BTC/EUR,40185.20,40435.91,40170.57,40409.57,27.17072976,1097957.506187803
1629457200,2021-08-20 11:00:00,BTC/EUR,40437.03,40437.95,40133.51,40212.03,24.46585682,983821.7684215446
1629453600,2021-08-20 10:00:00,BTC/EUR,40429.39,40540.21,40341.64,40412.39,25.66435170,1037157.789997563
1629450000,2021-08-20 09:00:00,BTC/EUR,40157.62,40520.00,40129.44,40428.36,24.14142584,975998.2547728224
1629446400,2021-08-20 08:00:00,BTC/EUR,40050.63,40191.54,39976.54,40134.93,51.04582241,2048720.5092177812
1629442800,2021-08-20 07:00:00,BTC/EUR,40339.47,40403.69,39970.24,40066.40,81.55201000,3267495.453464
1629439200,2021-08-20 06:00:00,BTC/EUR,40320.68,40423.64,40227.15,40355.71,36.85942623,1487488.315704273
1629435600,2021-08-20 05:00:00,BTC/EUR,40310.02,40349.00,40112.43,40334.16,34.50981203,1391924.279987945
1629432000,2021-08-20 04:00:00,BTC/EUR,40276.12,40385.40,40195.98,40286.01,16.48374000,664064.1144774001
1629428400,2021-08-20 03:00:00,BTC/EUR,40384.24,40384.51,40170.94,40266.66,14.10278234,567871.9415387844
1629424800,2021-08-20 02:00:00,BTC/EUR,40422.00,40499.00,40295.45,40364.88,7.98155332,322174.44197540154
1629421200,2021-08-20 01:00:00,BTC/EUR,40343.49,40485.37,40153.14,40390.12,25.03524637,1011176.6051138644
1629417600,2021-08-20 00:00:00,BTC/EUR,40032.89,40551.95,39919.80,40326.81,89.31988286,3601985.9453174765
1629414000,2021-08-19 23:00:00,BTC/EUR,40048.07,40289.35,39811.64,40047.49,71.19820573,2851309.4319901173
1629410400,2021-08-19 22:00:00,BTC/EUR,39909.89,40066.56,39658.15,40066.56,64.14304348,2569991.100174029
1629406800,2021-08-19 21:00:00,BTC/EUR,39872.05,40000.00,39788.88,39920.55,25.27928654,1009163.0222843972
1629403200,2021-08-19 20:00:00,BTC/EUR,39979.62,40129.00,39744.66,39868.00,100.32727916,3999847.96555088
1629399600,2021-08-19 19:00:00,BTC/EUR,39895.90,40029.95,39794.26,40001.04,89.27747657,3571191.911375633
1629396000,2021-08-19 18:00:00,BTC/EUR,39145.87,40004.82,39119.18,39884.81,177.89592395,7095345.126520199
1629392400,2021-08-19 17:00:00,BTC/EUR,39046.13,39217.93,38861.10,39144.54,60.61133543,2372602.844193052
1629388800,2021-08-19 16:00:00,BTC/EUR,39183.31,39307.58,39017.94,39032.80,64.67494878,2524444.340739984
1629385200,2021-08-19 15:00:00,BTC/EUR,38913.40,39186.94,38913.40,39179.14,66.60203566,2609410.4794081324
1629381600,2021-08-19 14:00:00,BTC/EUR,38467.48,38912.31,38467.48,38884.13,84.92792988,3302348.666084804
1629378000,2021-08-19 13:00:00,BTC/EUR,38154.35,38483.17,37979.62,38470.46,65.51934781,2520559.4491506927
1629374400,2021-08-19 12:00:00,BTC/EUR,37815.96,38146.42,37737.00,38119.95,44.61405066,1700685.3804566667
1629370800,2021-08-19 11:00:00,BTC/EUR,37959.81,38054.88,37800.00,37828.95,42.82907432,1620178.9109975637
1629367200,2021-08-19 10:00:00,BTC/EUR,38293.71,38388.66,37959.81,37970.00,32.80394523,1245565.8003830998
1629363600,2021-08-19 09:00:00,BTC/EUR,38304.28,38400.50,38166.52,38301.88,39.71237236,1521058.5206480369
1629360000,2021-08-19 08:00:00,BTC/EUR,38233.89,38517.07,37959.82,38251.10,43.39857420,1660043.20158162
1629356400,2021-08-19 07:00:00,BTC/EUR,38032.97,38233.91,37870.85,38233.90,51.80038247,1980530.6433197332
1629352800,2021-08-19 06:00:00,BTC/EUR,38071.93,38127.30,37896.60,38011.85,25.75086675,978838.0842709874
1629349200,2021-08-19 05:00:00,BTC/EUR,37827.66,38132.59,37750.00,38071.93,14.63904773,557336.8004432189
1629345600,2021-08-19 04:00:00,BTC/EUR,37770.32,37975.68,37654.10,37809.07,41.37940337,1564516.7585745659
1629342000,2021-08-19 03:00:00,BTC/EUR,38204.40,38236.63,37732.87,37777.24,62.62707946,2365878.2112594903
1629338400,2021-08-19 02:00:00,BTC/EUR,38454.80,38454.80,38188.12,38188.12,6.53169950,249433.32430994
1629334800,2021-08-19 01:00:00,BTC/EUR,38548.09,38674.39,38390.83,38483.94,20.03027847,770844.0348227718
1629331200,2021-08-19 00:00:00,BTC/EUR,38234.24,38556.27,38050.97,38545.48,24.44848874,942378.7337578952
1629327600,2021-08-18 23:00:00,BTC/EUR,38333.68,38593.83,38221.99,38257.01,18.01330965,689135.3674131465
1629324000,2021-08-18 22:00:00,BTC/EUR,38084.71,38374.14,38029.35,38374.14,32.98384042,1265726.510014739
1629320400,2021-08-18 21:00:00,BTC/EUR,38038.13,38262.15,37932.50,38090.00,38.53149022,1467664.4624798
1629316800,2021-08-18 20:00:00,BTC/EUR,38341.56,38438.43,38050.97,38066.14,58.19800764,2215373.5065453094
1629313200,2021-08-18 19:00:00,BTC/EUR,38794.46,38880.83,38248.73,38359.37,81.78527802,3137231.7401220477
1629309600,2021-08-18 18:00:00,BTC/EUR,39157.60,39251.11,38741.67,38784.74,53.83381317,2087930.4470070256
1629306000,2021-08-18 17:00:00,BTC/EUR,39228.95,39282.66,39086.96,39139.75,23.14452141,905870.7818570475
1629302400,2021-08-18 16:00:00,BTC/EUR,39167.17,39299.99,38990.43,39238.57,59.96142133,2352800.428156698
1629298800,2021-08-18 15:00:00,BTC/EUR,38783.21,39186.00,38623.75,39167.17,77.33505789,3028995.3593374714
1629295200,2021-08-18 14:00:00,BTC/EUR,38627.01,38832.14,38568.52,38767.14,39.15457207,1517910.7770777799
1629291600,2021-08-18 13:00:00,BTC/EUR,38419.59,38772.51,38419.59,38644.79,29.91698604,1156135.6429487318
1629288000,2021-08-18 12:00:00,BTC/EUR,38188.80,38530.32,38096.65,38426.82,32.14581762,1235261.5474365684
1629284400,2021-08-18 11:00:00,BTC/EUR,38627.11,38798.56,38125.40,38159.77,67.45778820,2574173.682420714
1629280800,2021-08-18 10:00:00,BTC/EUR,38770.19,38896.86,38500.58,38590.11,73.82236696,2848813.2614467656
1629277200,2021-08-18 09:00:00,BTC/EUR,38639.00,38784.28,38521.19,38751.40,46.96701959,1820037.762939926
1629273600,2021-08-18 08:00:00,BTC/EUR,38364.63,38635.43,38300.00,38606.29,36.01356273,1390350.0466875716
1629270000,2021-08-18 07:00:00,BTC/EUR,38775.05,38809.89,38305.24,38371.94,107.09600175,4109481.3533908953
1629266400,2021-08-18 06:00:00,BTC/EUR,38809.71,38878.13,38632.20,38783.37,59.50656891,2307865.2794670267
1629262800,2021-08-18 05:00:00,BTC/EUR,38459.21,38829.23,38445.86,38807.00,53.05981357,2059092.18521099
1629259200,2021-08-18 04:00:00,BTC/EUR,38485.66,38632.59,38315.65,38526.33,46.09142659,1775733.5109771148
1629255600,2021-08-18 03:00:00,BTC/EUR,38390.42,38489.40,38090.12,38489.40,13.91691368,535653.6573949921
1629252000,2021-08-18 02:00:00,BTC/EUR,38500.00,38530.64,37959.53,38372.37,42.44934936,1628882.1399011833
1629248400,2021-08-18 01:00:00,BTC/EUR,38295.70,38529.48,37798.90,38529.48,67.11726499,2585993.319086905
1629244800,2021-08-18 00:00:00,BTC/EUR,38139.79,38446.48,37966.44,38292.99,160.16529189,6133207.92069085